run_id,script_version,timestamp_utc,journal,journal_label,pep_prefix,year,status,exit_code,n_article_rows,n_keyword_rows,articles_csv,keywords_csv,log_csv,raw_dir,command,note
20260530_011045,v0.1.0,2026-05-29T23:10:47.059219+00:00,psychoanalytic_psychotherapy,Psychoanalytic Psychotherapy,PPTX,1987,ok,0,11,0,C:\Users\lkali\Documents\GitHub\andromeda\data_psychoanalytic_core\data\harvest\articles_by_year\psychoanalytic_psychotherapy\psychoanalytic_psychotherapy_1987_pep_articles_raw.csv,C:\Users\lkali\Documents\GitHub\andromeda\data_psychoanalytic_core\data\harvest\keywords_by_year\psychoanalytic_psychotherapy\psychoanalytic_psychotherapy_1987_pep_keywords_long_raw.csv,C:\Users\lkali\Documents\GitHub\andromeda\data_psychoanalytic_core\data\logs\pep_harvest_by_year\psychoanalytic_psychotherapy\psychoanalytic_psychotherapy_1987_pep_harvest_log.csv,C:\Users\lkali\Documents\GitHub\andromeda\data_psychoanalytic_core\data\raw_pep_metadata\psychoanalytic_psychotherapy\1987,C:\Users\lkali\AppData\Local\Python\pythoncore-3.14-64\python.exe C:\Users\lkali\Documents\GitHub\andromeda\data_psychoanalytic_core\scripts\1a_pep_metadata_probe_v12.py --journal psychoanalytic_psychotherapy --year 1987 --facetquery art_id:PPTX.* AND year:1987 --limit 500 --delay 0.0 --timeout 60.0 --flat-csv C:\Users\lkali\Documents\GitHub\andromeda\data_psychoanalytic_core\data\harvest\articles_by_year\psychoanalytic_psychotherapy\psychoanalytic_psychotherapy_1987_pep_articles_raw.csv --keywords-long-csv C:\Users\lkali\Documents\GitHub\andromeda\data_psychoanalytic_core\data\harvest\keywords_by_year\psychoanalytic_psychotherapy\psychoanalytic_psychotherapy_1987_pep_keywords_long_raw.csv --log C:\Users\lkali\Documents\GitHub\andromeda\data_psychoanalytic_core\data\logs\pep_harvest_by_year\psychoanalytic_psychotherapy\psychoanalytic_psychotherapy_1987_pep_harvest_log.csv --out-dir C:\Users\lkali\Documents\GitHub\andromeda\data_psychoanalytic_core\data\raw_pep_metadata\psychoanalytic_psychotherapy\1987 --write-run-csv --diagnose,
20260530_011045,v0.1.0,2026-05-29T23:10:54.244231+00:00,psychoanalytic_psychotherapy,Psychoanalytic Psychotherapy,PPTX,1988,ok,0,24,0,C:\Users\lkali\Documents\GitHub\andromeda\data_psychoanalytic_core\data\harvest\articles_by_year\psychoanalytic_psychotherapy\psychoanalytic_psychotherapy_1988_pep_articles_raw.csv,C:\Users\lkali\Documents\GitHub\andromeda\data_psychoanalytic_core\data\harvest\keywords_by_year\psychoanalytic_psychotherapy\psychoanalytic_psychotherapy_1988_pep_keywords_long_raw.csv,C:\Users\lkali\Documents\GitHub\andromeda\data_psychoanalytic_core\data\logs\pep_harvest_by_year\psychoanalytic_psychotherapy\psychoanalytic_psychotherapy_1988_pep_harvest_log.csv,C:\Users\lkali\Documents\GitHub\andromeda\data_psychoanalytic_core\data\raw_pep_metadata\psychoanalytic_psychotherapy\1988,C:\Users\lkali\AppData\Local\Python\pythoncore-3.14-64\python.exe C:\Users\lkali\Documents\GitHub\andromeda\data_psychoanalytic_core\scripts\1a_pep_metadata_probe_v12.py --journal psychoanalytic_psychotherapy --year 1988 --facetquery art_id:PPTX.* AND year:1988 --limit 500 --delay 0.0 --timeout 60.0 --flat-csv C:\Users\lkali\Documents\GitHub\andromeda\data_psychoanalytic_core\data\harvest\articles_by_year\psychoanalytic_psychotherapy\psychoanalytic_psychotherapy_1988_pep_articles_raw.csv --keywords-long-csv C:\Users\lkali\Documents\GitHub\andromeda\data_psychoanalytic_core\data\harvest\keywords_by_year\psychoanalytic_psychotherapy\psychoanalytic_psychotherapy_1988_pep_keywords_long_raw.csv --log C:\Users\lkali\Documents\GitHub\andromeda\data_psychoanalytic_core\data\logs\pep_harvest_by_year\psychoanalytic_psychotherapy\psychoanalytic_psychotherapy_1988_pep_harvest_log.csv --out-dir C:\Users\lkali\Documents\GitHub\andromeda\data_psychoanalytic_core\data\raw_pep_metadata\psychoanalytic_psychotherapy\1988 --write-run-csv --diagnose,
20260530_011045,v0.1.0,2026-05-29T23:11:01.452784+00:00,psychoanalytic_psychotherapy,Psychoanalytic Psychotherapy,PPTX,1989,ok,0,29,0,C:\Users\lkali\Documents\GitHub\andromeda\data_psychoanalytic_core\data\harvest\articles_by_year\psychoanalytic_psychotherapy\psychoanalytic_psychotherapy_1989_pep_articles_raw.csv,C:\Users\lkali\Documents\GitHub\andromeda\data_psychoanalytic_core\data\harvest\keywords_by_year\psychoanalytic_psychotherapy\psychoanalytic_psychotherapy_1989_pep_keywords_long_raw.csv,C:\Users\lkali\Documents\GitHub\andromeda\data_psychoanalytic_core\data\logs\pep_harvest_by_year\psychoanalytic_psychotherapy\psychoanalytic_psychotherapy_1989_pep_harvest_log.csv,C:\Users\lkali\Documents\GitHub\andromeda\data_psychoanalytic_core\data\raw_pep_metadata\psychoanalytic_psychotherapy\1989,C:\Users\lkali\AppData\Local\Python\pythoncore-3.14-64\python.exe C:\Users\lkali\Documents\GitHub\andromeda\data_psychoanalytic_core\scripts\1a_pep_metadata_probe_v12.py --journal psychoanalytic_psychotherapy --year 1989 --facetquery art_id:PPTX.* AND year:1989 --limit 500 --delay 0.0 --timeout 60.0 --flat-csv C:\Users\lkali\Documents\GitHub\andromeda\data_psychoanalytic_core\data\harvest\articles_by_year\psychoanalytic_psychotherapy\psychoanalytic_psychotherapy_1989_pep_articles_raw.csv --keywords-long-csv C:\Users\lkali\Documents\GitHub\andromeda\data_psychoanalytic_core\data\harvest\keywords_by_year\psychoanalytic_psychotherapy\psychoanalytic_psychotherapy_1989_pep_keywords_long_raw.csv --log C:\Users\lkali\Documents\GitHub\andromeda\data_psychoanalytic_core\data\logs\pep_harvest_by_year\psychoanalytic_psychotherapy\psychoanalytic_psychotherapy_1989_pep_harvest_log.csv --out-dir C:\Users\lkali\Documents\GitHub\andromeda\data_psychoanalytic_core\data\raw_pep_metadata\psychoanalytic_psychotherapy\1989 --write-run-csv --diagnose,
20260530_011045,v0.1.0,2026-05-29T23:11:08.375342+00:00,psychoanalytic_psychotherapy,Psychoanalytic Psychotherapy,PPTX,1990,ok,0,12,0,C:\Users\lkali\Documents\GitHub\andromeda\data_psychoanalytic_core\data\harvest\articles_by_year\psychoanalytic_psychotherapy\psychoanalytic_psychotherapy_1990_pep_articles_raw.csv,C:\Users\lkali\Documents\GitHub\andromeda\data_psychoanalytic_core\data\harvest\keywords_by_year\psychoanalytic_psychotherapy\psychoanalytic_psychotherapy_1990_pep_keywords_long_raw.csv,C:\Users\lkali\Documents\GitHub\andromeda\data_psychoanalytic_core\data\logs\pep_harvest_by_year\psychoanalytic_psychotherapy\psychoanalytic_psychotherapy_1990_pep_harvest_log.csv,C:\Users\lkali\Documents\GitHub\andromeda\data_psychoanalytic_core\data\raw_pep_metadata\psychoanalytic_psychotherapy\1990,C:\Users\lkali\AppData\Local\Python\pythoncore-3.14-64\python.exe C:\Users\lkali\Documents\GitHub\andromeda\data_psychoanalytic_core\scripts\1a_pep_metadata_probe_v12.py --journal psychoanalytic_psychotherapy --year 1990 --facetquery art_id:PPTX.* AND year:1990 --limit 500 --delay 0.0 --timeout 60.0 --flat-csv C:\Users\lkali\Documents\GitHub\andromeda\data_psychoanalytic_core\data\harvest\articles_by_year\psychoanalytic_psychotherapy\psychoanalytic_psychotherapy_1990_pep_articles_raw.csv --keywords-long-csv C:\Users\lkali\Documents\GitHub\andromeda\data_psychoanalytic_core\data\harvest\keywords_by_year\psychoanalytic_psychotherapy\psychoanalytic_psychotherapy_1990_pep_keywords_long_raw.csv --log C:\Users\lkali\Documents\GitHub\andromeda\data_psychoanalytic_core\data\logs\pep_harvest_by_year\psychoanalytic_psychotherapy\psychoanalytic_psychotherapy_1990_pep_harvest_log.csv --out-dir C:\Users\lkali\Documents\GitHub\andromeda\data_psychoanalytic_core\data\raw_pep_metadata\psychoanalytic_psychotherapy\1990 --write-run-csv --diagnose,
20260530_011045,v0.1.0,2026-05-29T23:11:15.446413+00:00,psychoanalytic_psychotherapy,Psychoanalytic Psychotherapy,PPTX,1991,ok,0,23,0,C:\Users\lkali\Documents\GitHub\andromeda\data_psychoanalytic_core\data\harvest\articles_by_year\psychoanalytic_psychotherapy\psychoanalytic_psychotherapy_1991_pep_articles_raw.csv,C:\Users\lkali\Documents\GitHub\andromeda\data_psychoanalytic_core\data\harvest\keywords_by_year\psychoanalytic_psychotherapy\psychoanalytic_psychotherapy_1991_pep_keywords_long_raw.csv,C:\Users\lkali\Documents\GitHub\andromeda\data_psychoanalytic_core\data\logs\pep_harvest_by_year\psychoanalytic_psychotherapy\psychoanalytic_psychotherapy_1991_pep_harvest_log.csv,C:\Users\lkali\Documents\GitHub\andromeda\data_psychoanalytic_core\data\raw_pep_metadata\psychoanalytic_psychotherapy\1991,C:\Users\lkali\AppData\Local\Python\pythoncore-3.14-64\python.exe C:\Users\lkali\Documents\GitHub\andromeda\data_psychoanalytic_core\scripts\1a_pep_metadata_probe_v12.py --journal psychoanalytic_psychotherapy --year 1991 --facetquery art_id:PPTX.* AND year:1991 --limit 500 --delay 0.0 --timeout 60.0 --flat-csv C:\Users\lkali\Documents\GitHub\andromeda\data_psychoanalytic_core\data\harvest\articles_by_year\psychoanalytic_psychotherapy\psychoanalytic_psychotherapy_1991_pep_articles_raw.csv --keywords-long-csv C:\Users\lkali\Documents\GitHub\andromeda\data_psychoanalytic_core\data\harvest\keywords_by_year\psychoanalytic_psychotherapy\psychoanalytic_psychotherapy_1991_pep_keywords_long_raw.csv --log C:\Users\lkali\Documents\GitHub\andromeda\data_psychoanalytic_core\data\logs\pep_harvest_by_year\psychoanalytic_psychotherapy\psychoanalytic_psychotherapy_1991_pep_harvest_log.csv --out-dir C:\Users\lkali\Documents\GitHub\andromeda\data_psychoanalytic_core\data\raw_pep_metadata\psychoanalytic_psychotherapy\1991 --write-run-csv --diagnose,
20260530_011045,v0.1.0,2026-05-29T23:11:22.844119+00:00,psychoanalytic_psychotherapy,Psychoanalytic Psychotherapy,PPTX,1992,ok,0,37,0,C:\Users\lkali\Documents\GitHub\andromeda\data_psychoanalytic_core\data\harvest\articles_by_year\psychoanalytic_psychotherapy\psychoanalytic_psychotherapy_1992_pep_articles_raw.csv,C:\Users\lkali\Documents\GitHub\andromeda\data_psychoanalytic_core\data\harvest\keywords_by_year\psychoanalytic_psychotherapy\psychoanalytic_psychotherapy_1992_pep_keywords_long_raw.csv,C:\Users\lkali\Documents\GitHub\andromeda\data_psychoanalytic_core\data\logs\pep_harvest_by_year\psychoanalytic_psychotherapy\psychoanalytic_psychotherapy_1992_pep_harvest_log.csv,C:\Users\lkali\Documents\GitHub\andromeda\data_psychoanalytic_core\data\raw_pep_metadata\psychoanalytic_psychotherapy\1992,C:\Users\lkali\AppData\Local\Python\pythoncore-3.14-64\python.exe C:\Users\lkali\Documents\GitHub\andromeda\data_psychoanalytic_core\scripts\1a_pep_metadata_probe_v12.py --journal psychoanalytic_psychotherapy --year 1992 --facetquery art_id:PPTX.* AND year:1992 --limit 500 --delay 0.0 --timeout 60.0 --flat-csv C:\Users\lkali\Documents\GitHub\andromeda\data_psychoanalytic_core\data\harvest\articles_by_year\psychoanalytic_psychotherapy\psychoanalytic_psychotherapy_1992_pep_articles_raw.csv --keywords-long-csv C:\Users\lkali\Documents\GitHub\andromeda\data_psychoanalytic_core\data\harvest\keywords_by_year\psychoanalytic_psychotherapy\psychoanalytic_psychotherapy_1992_pep_keywords_long_raw.csv --log C:\Users\lkali\Documents\GitHub\andromeda\data_psychoanalytic_core\data\logs\pep_harvest_by_year\psychoanalytic_psychotherapy\psychoanalytic_psychotherapy_1992_pep_harvest_log.csv --out-dir C:\Users\lkali\Documents\GitHub\andromeda\data_psychoanalytic_core\data\raw_pep_metadata\psychoanalytic_psychotherapy\1992 --write-run-csv --diagnose,
20260530_011045,v0.1.0,2026-05-29T23:11:30.154041+00:00,psychoanalytic_psychotherapy,Psychoanalytic Psychotherapy,PPTX,1993,ok,0,34,0,C:\Users\lkali\Documents\GitHub\andromeda\data_psychoanalytic_core\data\harvest\articles_by_year\psychoanalytic_psychotherapy\psychoanalytic_psychotherapy_1993_pep_articles_raw.csv,C:\Users\lkali\Documents\GitHub\andromeda\data_psychoanalytic_core\data\harvest\keywords_by_year\psychoanalytic_psychotherapy\psychoanalytic_psychotherapy_1993_pep_keywords_long_raw.csv,C:\Users\lkali\Documents\GitHub\andromeda\data_psychoanalytic_core\data\logs\pep_harvest_by_year\psychoanalytic_psychotherapy\psychoanalytic_psychotherapy_1993_pep_harvest_log.csv,C:\Users\lkali\Documents\GitHub\andromeda\data_psychoanalytic_core\data\raw_pep_metadata\psychoanalytic_psychotherapy\1993,C:\Users\lkali\AppData\Local\Python\pythoncore-3.14-64\python.exe C:\Users\lkali\Documents\GitHub\andromeda\data_psychoanalytic_core\scripts\1a_pep_metadata_probe_v12.py --journal psychoanalytic_psychotherapy --year 1993 --facetquery art_id:PPTX.* AND year:1993 --limit 500 --delay 0.0 --timeout 60.0 --flat-csv C:\Users\lkali\Documents\GitHub\andromeda\data_psychoanalytic_core\data\harvest\articles_by_year\psychoanalytic_psychotherapy\psychoanalytic_psychotherapy_1993_pep_articles_raw.csv --keywords-long-csv C:\Users\lkali\Documents\GitHub\andromeda\data_psychoanalytic_core\data\harvest\keywords_by_year\psychoanalytic_psychotherapy\psychoanalytic_psychotherapy_1993_pep_keywords_long_raw.csv --log C:\Users\lkali\Documents\GitHub\andromeda\data_psychoanalytic_core\data\logs\pep_harvest_by_year\psychoanalytic_psychotherapy\psychoanalytic_psychotherapy_1993_pep_harvest_log.csv --out-dir C:\Users\lkali\Documents\GitHub\andromeda\data_psychoanalytic_core\data\raw_pep_metadata\psychoanalytic_psychotherapy\1993 --write-run-csv --diagnose,
20260530_011045,v0.1.0,2026-05-29T23:11:37.552999+00:00,psychoanalytic_psychotherapy,Psychoanalytic Psychotherapy,PPTX,1994,ok,0,39,0,C:\Users\lkali\Documents\GitHub\andromeda\data_psychoanalytic_core\data\harvest\articles_by_year\psychoanalytic_psychotherapy\psychoanalytic_psychotherapy_1994_pep_articles_raw.csv,C:\Users\lkali\Documents\GitHub\andromeda\data_psychoanalytic_core\data\harvest\keywords_by_year\psychoanalytic_psychotherapy\psychoanalytic_psychotherapy_1994_pep_keywords_long_raw.csv,C:\Users\lkali\Documents\GitHub\andromeda\data_psychoanalytic_core\data\logs\pep_harvest_by_year\psychoanalytic_psychotherapy\psychoanalytic_psychotherapy_1994_pep_harvest_log.csv,C:\Users\lkali\Documents\GitHub\andromeda\data_psychoanalytic_core\data\raw_pep_metadata\psychoanalytic_psychotherapy\1994,C:\Users\lkali\AppData\Local\Python\pythoncore-3.14-64\python.exe C:\Users\lkali\Documents\GitHub\andromeda\data_psychoanalytic_core\scripts\1a_pep_metadata_probe_v12.py --journal psychoanalytic_psychotherapy --year 1994 --facetquery art_id:PPTX.* AND year:1994 --limit 500 --delay 0.0 --timeout 60.0 --flat-csv C:\Users\lkali\Documents\GitHub\andromeda\data_psychoanalytic_core\data\harvest\articles_by_year\psychoanalytic_psychotherapy\psychoanalytic_psychotherapy_1994_pep_articles_raw.csv --keywords-long-csv C:\Users\lkali\Documents\GitHub\andromeda\data_psychoanalytic_core\data\harvest\keywords_by_year\psychoanalytic_psychotherapy\psychoanalytic_psychotherapy_1994_pep_keywords_long_raw.csv --log C:\Users\lkali\Documents\GitHub\andromeda\data_psychoanalytic_core\data\logs\pep_harvest_by_year\psychoanalytic_psychotherapy\psychoanalytic_psychotherapy_1994_pep_harvest_log.csv --out-dir C:\Users\lkali\Documents\GitHub\andromeda\data_psychoanalytic_core\data\raw_pep_metadata\psychoanalytic_psychotherapy\1994 --write-run-csv --diagnose,
20260530_011045,v0.1.0,2026-05-29T23:11:45.230209+00:00,psychoanalytic_psychotherapy,Psychoanalytic Psychotherapy,PPTX,1995,ok,0,36,0,C:\Users\lkali\Documents\GitHub\andromeda\data_psychoanalytic_core\data\harvest\articles_by_year\psychoanalytic_psychotherapy\psychoanalytic_psychotherapy_1995_pep_articles_raw.csv,C:\Users\lkali\Documents\GitHub\andromeda\data_psychoanalytic_core\data\harvest\keywords_by_year\psychoanalytic_psychotherapy\psychoanalytic_psychotherapy_1995_pep_keywords_long_raw.csv,C:\Users\lkali\Documents\GitHub\andromeda\data_psychoanalytic_core\data\logs\pep_harvest_by_year\psychoanalytic_psychotherapy\psychoanalytic_psychotherapy_1995_pep_harvest_log.csv,C:\Users\lkali\Documents\GitHub\andromeda\data_psychoanalytic_core\data\raw_pep_metadata\psychoanalytic_psychotherapy\1995,C:\Users\lkali\AppData\Local\Python\pythoncore-3.14-64\python.exe C:\Users\lkali\Documents\GitHub\andromeda\data_psychoanalytic_core\scripts\1a_pep_metadata_probe_v12.py --journal psychoanalytic_psychotherapy --year 1995 --facetquery art_id:PPTX.* AND year:1995 --limit 500 --delay 0.0 --timeout 60.0 --flat-csv C:\Users\lkali\Documents\GitHub\andromeda\data_psychoanalytic_core\data\harvest\articles_by_year\psychoanalytic_psychotherapy\psychoanalytic_psychotherapy_1995_pep_articles_raw.csv --keywords-long-csv C:\Users\lkali\Documents\GitHub\andromeda\data_psychoanalytic_core\data\harvest\keywords_by_year\psychoanalytic_psychotherapy\psychoanalytic_psychotherapy_1995_pep_keywords_long_raw.csv --log C:\Users\lkali\Documents\GitHub\andromeda\data_psychoanalytic_core\data\logs\pep_harvest_by_year\psychoanalytic_psychotherapy\psychoanalytic_psychotherapy_1995_pep_harvest_log.csv --out-dir C:\Users\lkali\Documents\GitHub\andromeda\data_psychoanalytic_core\data\raw_pep_metadata\psychoanalytic_psychotherapy\1995 --write-run-csv --diagnose,
20260530_011045,v0.1.0,2026-05-29T23:11:52.737915+00:00,psychoanalytic_psychotherapy,Psychoanalytic Psychotherapy,PPTX,1996,ok,0,38,0,C:\Users\lkali\Documents\GitHub\andromeda\data_psychoanalytic_core\data\harvest\articles_by_year\psychoanalytic_psychotherapy\psychoanalytic_psychotherapy_1996_pep_articles_raw.csv,C:\Users\lkali\Documents\GitHub\andromeda\data_psychoanalytic_core\data\harvest\keywords_by_year\psychoanalytic_psychotherapy\psychoanalytic_psychotherapy_1996_pep_keywords_long_raw.csv,C:\Users\lkali\Documents\GitHub\andromeda\data_psychoanalytic_core\data\logs\pep_harvest_by_year\psychoanalytic_psychotherapy\psychoanalytic_psychotherapy_1996_pep_harvest_log.csv,C:\Users\lkali\Documents\GitHub\andromeda\data_psychoanalytic_core\data\raw_pep_metadata\psychoanalytic_psychotherapy\1996,C:\Users\lkali\AppData\Local\Python\pythoncore-3.14-64\python.exe C:\Users\lkali\Documents\GitHub\andromeda\data_psychoanalytic_core\scripts\1a_pep_metadata_probe_v12.py --journal psychoanalytic_psychotherapy --year 1996 --facetquery art_id:PPTX.* AND year:1996 --limit 500 --delay 0.0 --timeout 60.0 --flat-csv C:\Users\lkali\Documents\GitHub\andromeda\data_psychoanalytic_core\data\harvest\articles_by_year\psychoanalytic_psychotherapy\psychoanalytic_psychotherapy_1996_pep_articles_raw.csv --keywords-long-csv C:\Users\lkali\Documents\GitHub\andromeda\data_psychoanalytic_core\data\harvest\keywords_by_year\psychoanalytic_psychotherapy\psychoanalytic_psychotherapy_1996_pep_keywords_long_raw.csv --log C:\Users\lkali\Documents\GitHub\andromeda\data_psychoanalytic_core\data\logs\pep_harvest_by_year\psychoanalytic_psychotherapy\psychoanalytic_psychotherapy_1996_pep_harvest_log.csv --out-dir C:\Users\lkali\Documents\GitHub\andromeda\data_psychoanalytic_core\data\raw_pep_metadata\psychoanalytic_psychotherapy\1996 --write-run-csv --diagnose,
20260530_011045,v0.1.0,2026-05-29T23:11:59.887528+00:00,psychoanalytic_psychotherapy,Psychoanalytic Psychotherapy,PPTX,1997,ok,0,37,0,C:\Users\lkali\Documents\GitHub\andromeda\data_psychoanalytic_core\data\harvest\articles_by_year\psychoanalytic_psychotherapy\psychoanalytic_psychotherapy_1997_pep_articles_raw.csv,C:\Users\lkali\Documents\GitHub\andromeda\data_psychoanalytic_core\data\harvest\keywords_by_year\psychoanalytic_psychotherapy\psychoanalytic_psychotherapy_1997_pep_keywords_long_raw.csv,C:\Users\lkali\Documents\GitHub\andromeda\data_psychoanalytic_core\data\logs\pep_harvest_by_year\psychoanalytic_psychotherapy\psychoanalytic_psychotherapy_1997_pep_harvest_log.csv,C:\Users\lkali\Documents\GitHub\andromeda\data_psychoanalytic_core\data\raw_pep_metadata\psychoanalytic_psychotherapy\1997,C:\Users\lkali\AppData\Local\Python\pythoncore-3.14-64\python.exe C:\Users\lkali\Documents\GitHub\andromeda\data_psychoanalytic_core\scripts\1a_pep_metadata_probe_v12.py --journal psychoanalytic_psychotherapy --year 1997 --facetquery art_id:PPTX.* AND year:1997 --limit 500 --delay 0.0 --timeout 60.0 --flat-csv C:\Users\lkali\Documents\GitHub\andromeda\data_psychoanalytic_core\data\harvest\articles_by_year\psychoanalytic_psychotherapy\psychoanalytic_psychotherapy_1997_pep_articles_raw.csv --keywords-long-csv C:\Users\lkali\Documents\GitHub\andromeda\data_psychoanalytic_core\data\harvest\keywords_by_year\psychoanalytic_psychotherapy\psychoanalytic_psychotherapy_1997_pep_keywords_long_raw.csv --log C:\Users\lkali\Documents\GitHub\andromeda\data_psychoanalytic_core\data\logs\pep_harvest_by_year\psychoanalytic_psychotherapy\psychoanalytic_psychotherapy_1997_pep_harvest_log.csv --out-dir C:\Users\lkali\Documents\GitHub\andromeda\data_psychoanalytic_core\data\raw_pep_metadata\psychoanalytic_psychotherapy\1997 --write-run-csv --diagnose,
20260530_011045,v0.1.0,2026-05-29T23:12:07.194145+00:00,psychoanalytic_psychotherapy,Psychoanalytic Psychotherapy,PPTX,1998,ok,0,51,0,C:\Users\lkali\Documents\GitHub\andromeda\data_psychoanalytic_core\data\harvest\articles_by_year\psychoanalytic_psychotherapy\psychoanalytic_psychotherapy_1998_pep_articles_raw.csv,C:\Users\lkali\Documents\GitHub\andromeda\data_psychoanalytic_core\data\harvest\keywords_by_year\psychoanalytic_psychotherapy\psychoanalytic_psychotherapy_1998_pep_keywords_long_raw.csv,C:\Users\lkali\Documents\GitHub\andromeda\data_psychoanalytic_core\data\logs\pep_harvest_by_year\psychoanalytic_psychotherapy\psychoanalytic_psychotherapy_1998_pep_harvest_log.csv,C:\Users\lkali\Documents\GitHub\andromeda\data_psychoanalytic_core\data\raw_pep_metadata\psychoanalytic_psychotherapy\1998,C:\Users\lkali\AppData\Local\Python\pythoncore-3.14-64\python.exe C:\Users\lkali\Documents\GitHub\andromeda\data_psychoanalytic_core\scripts\1a_pep_metadata_probe_v12.py --journal psychoanalytic_psychotherapy --year 1998 --facetquery art_id:PPTX.* AND year:1998 --limit 500 --delay 0.0 --timeout 60.0 --flat-csv C:\Users\lkali\Documents\GitHub\andromeda\data_psychoanalytic_core\data\harvest\articles_by_year\psychoanalytic_psychotherapy\psychoanalytic_psychotherapy_1998_pep_articles_raw.csv --keywords-long-csv C:\Users\lkali\Documents\GitHub\andromeda\data_psychoanalytic_core\data\harvest\keywords_by_year\psychoanalytic_psychotherapy\psychoanalytic_psychotherapy_1998_pep_keywords_long_raw.csv --log C:\Users\lkali\Documents\GitHub\andromeda\data_psychoanalytic_core\data\logs\pep_harvest_by_year\psychoanalytic_psychotherapy\psychoanalytic_psychotherapy_1998_pep_harvest_log.csv --out-dir C:\Users\lkali\Documents\GitHub\andromeda\data_psychoanalytic_core\data\raw_pep_metadata\psychoanalytic_psychotherapy\1998 --write-run-csv --diagnose,
20260530_011045,v0.1.0,2026-05-29T23:12:14.497479+00:00,psychoanalytic_psychotherapy,Psychoanalytic Psychotherapy,PPTX,1999,ok,0,39,0,C:\Users\lkali\Documents\GitHub\andromeda\data_psychoanalytic_core\data\harvest\articles_by_year\psychoanalytic_psychotherapy\psychoanalytic_psychotherapy_1999_pep_articles_raw.csv,C:\Users\lkali\Documents\GitHub\andromeda\data_psychoanalytic_core\data\harvest\keywords_by_year\psychoanalytic_psychotherapy\psychoanalytic_psychotherapy_1999_pep_keywords_long_raw.csv,C:\Users\lkali\Documents\GitHub\andromeda\data_psychoanalytic_core\data\logs\pep_harvest_by_year\psychoanalytic_psychotherapy\psychoanalytic_psychotherapy_1999_pep_harvest_log.csv,C:\Users\lkali\Documents\GitHub\andromeda\data_psychoanalytic_core\data\raw_pep_metadata\psychoanalytic_psychotherapy\1999,C:\Users\lkali\AppData\Local\Python\pythoncore-3.14-64\python.exe C:\Users\lkali\Documents\GitHub\andromeda\data_psychoanalytic_core\scripts\1a_pep_metadata_probe_v12.py --journal psychoanalytic_psychotherapy --year 1999 --facetquery art_id:PPTX.* AND year:1999 --limit 500 --delay 0.0 --timeout 60.0 --flat-csv C:\Users\lkali\Documents\GitHub\andromeda\data_psychoanalytic_core\data\harvest\articles_by_year\psychoanalytic_psychotherapy\psychoanalytic_psychotherapy_1999_pep_articles_raw.csv --keywords-long-csv C:\Users\lkali\Documents\GitHub\andromeda\data_psychoanalytic_core\data\harvest\keywords_by_year\psychoanalytic_psychotherapy\psychoanalytic_psychotherapy_1999_pep_keywords_long_raw.csv --log C:\Users\lkali\Documents\GitHub\andromeda\data_psychoanalytic_core\data\logs\pep_harvest_by_year\psychoanalytic_psychotherapy\psychoanalytic_psychotherapy_1999_pep_harvest_log.csv --out-dir C:\Users\lkali\Documents\GitHub\andromeda\data_psychoanalytic_core\data\raw_pep_metadata\psychoanalytic_psychotherapy\1999 --write-run-csv --diagnose,
20260530_011045,v0.1.0,2026-05-29T23:12:21.902566+00:00,psychoanalytic_psychotherapy,Psychoanalytic Psychotherapy,PPTX,2000,ok,0,37,0,C:\Users\lkali\Documents\GitHub\andromeda\data_psychoanalytic_core\data\harvest\articles_by_year\psychoanalytic_psychotherapy\psychoanalytic_psychotherapy_2000_pep_articles_raw.csv,C:\Users\lkali\Documents\GitHub\andromeda\data_psychoanalytic_core\data\harvest\keywords_by_year\psychoanalytic_psychotherapy\psychoanalytic_psychotherapy_2000_pep_keywords_long_raw.csv,C:\Users\lkali\Documents\GitHub\andromeda\data_psychoanalytic_core\data\logs\pep_harvest_by_year\psychoanalytic_psychotherapy\psychoanalytic_psychotherapy_2000_pep_harvest_log.csv,C:\Users\lkali\Documents\GitHub\andromeda\data_psychoanalytic_core\data\raw_pep_metadata\psychoanalytic_psychotherapy\2000,C:\Users\lkali\AppData\Local\Python\pythoncore-3.14-64\python.exe C:\Users\lkali\Documents\GitHub\andromeda\data_psychoanalytic_core\scripts\1a_pep_metadata_probe_v12.py --journal psychoanalytic_psychotherapy --year 2000 --facetquery art_id:PPTX.* AND year:2000 --limit 500 --delay 0.0 --timeout 60.0 --flat-csv C:\Users\lkali\Documents\GitHub\andromeda\data_psychoanalytic_core\data\harvest\articles_by_year\psychoanalytic_psychotherapy\psychoanalytic_psychotherapy_2000_pep_articles_raw.csv --keywords-long-csv C:\Users\lkali\Documents\GitHub\andromeda\data_psychoanalytic_core\data\harvest\keywords_by_year\psychoanalytic_psychotherapy\psychoanalytic_psychotherapy_2000_pep_keywords_long_raw.csv --log C:\Users\lkali\Documents\GitHub\andromeda\data_psychoanalytic_core\data\logs\pep_harvest_by_year\psychoanalytic_psychotherapy\psychoanalytic_psychotherapy_2000_pep_harvest_log.csv --out-dir C:\Users\lkali\Documents\GitHub\andromeda\data_psychoanalytic_core\data\raw_pep_metadata\psychoanalytic_psychotherapy\2000 --write-run-csv --diagnose,
20260530_011045,v0.1.0,2026-05-29T23:12:29.161381+00:00,psychoanalytic_psychotherapy,Psychoanalytic Psychotherapy,PPTX,2001,ok,0,29,0,C:\Users\lkali\Documents\GitHub\andromeda\data_psychoanalytic_core\data\harvest\articles_by_year\psychoanalytic_psychotherapy\psychoanalytic_psychotherapy_2001_pep_articles_raw.csv,C:\Users\lkali\Documents\GitHub\andromeda\data_psychoanalytic_core\data\harvest\keywords_by_year\psychoanalytic_psychotherapy\psychoanalytic_psychotherapy_2001_pep_keywords_long_raw.csv,C:\Users\lkali\Documents\GitHub\andromeda\data_psychoanalytic_core\data\logs\pep_harvest_by_year\psychoanalytic_psychotherapy\psychoanalytic_psychotherapy_2001_pep_harvest_log.csv,C:\Users\lkali\Documents\GitHub\andromeda\data_psychoanalytic_core\data\raw_pep_metadata\psychoanalytic_psychotherapy\2001,C:\Users\lkali\AppData\Local\Python\pythoncore-3.14-64\python.exe C:\Users\lkali\Documents\GitHub\andromeda\data_psychoanalytic_core\scripts\1a_pep_metadata_probe_v12.py --journal psychoanalytic_psychotherapy --year 2001 --facetquery art_id:PPTX.* AND year:2001 --limit 500 --delay 0.0 --timeout 60.0 --flat-csv C:\Users\lkali\Documents\GitHub\andromeda\data_psychoanalytic_core\data\harvest\articles_by_year\psychoanalytic_psychotherapy\psychoanalytic_psychotherapy_2001_pep_articles_raw.csv --keywords-long-csv C:\Users\lkali\Documents\GitHub\andromeda\data_psychoanalytic_core\data\harvest\keywords_by_year\psychoanalytic_psychotherapy\psychoanalytic_psychotherapy_2001_pep_keywords_long_raw.csv --log C:\Users\lkali\Documents\GitHub\andromeda\data_psychoanalytic_core\data\logs\pep_harvest_by_year\psychoanalytic_psychotherapy\psychoanalytic_psychotherapy_2001_pep_harvest_log.csv --out-dir C:\Users\lkali\Documents\GitHub\andromeda\data_psychoanalytic_core\data\raw_pep_metadata\psychoanalytic_psychotherapy\2001 --write-run-csv --diagnose,
20260530_011045,v0.1.0,2026-05-29T23:12:36.309396+00:00,psychoanalytic_psychotherapy,Psychoanalytic Psychotherapy,PPTX,2002,ok,0,27,0,C:\Users\lkali\Documents\GitHub\andromeda\data_psychoanalytic_core\data\harvest\articles_by_year\psychoanalytic_psychotherapy\psychoanalytic_psychotherapy_2002_pep_articles_raw.csv,C:\Users\lkali\Documents\GitHub\andromeda\data_psychoanalytic_core\data\harvest\keywords_by_year\psychoanalytic_psychotherapy\psychoanalytic_psychotherapy_2002_pep_keywords_long_raw.csv,C:\Users\lkali\Documents\GitHub\andromeda\data_psychoanalytic_core\data\logs\pep_harvest_by_year\psychoanalytic_psychotherapy\psychoanalytic_psychotherapy_2002_pep_harvest_log.csv,C:\Users\lkali\Documents\GitHub\andromeda\data_psychoanalytic_core\data\raw_pep_metadata\psychoanalytic_psychotherapy\2002,C:\Users\lkali\AppData\Local\Python\pythoncore-3.14-64\python.exe C:\Users\lkali\Documents\GitHub\andromeda\data_psychoanalytic_core\scripts\1a_pep_metadata_probe_v12.py --journal psychoanalytic_psychotherapy --year 2002 --facetquery art_id:PPTX.* AND year:2002 --limit 500 --delay 0.0 --timeout 60.0 --flat-csv C:\Users\lkali\Documents\GitHub\andromeda\data_psychoanalytic_core\data\harvest\articles_by_year\psychoanalytic_psychotherapy\psychoanalytic_psychotherapy_2002_pep_articles_raw.csv --keywords-long-csv C:\Users\lkali\Documents\GitHub\andromeda\data_psychoanalytic_core\data\harvest\keywords_by_year\psychoanalytic_psychotherapy\psychoanalytic_psychotherapy_2002_pep_keywords_long_raw.csv --log C:\Users\lkali\Documents\GitHub\andromeda\data_psychoanalytic_core\data\logs\pep_harvest_by_year\psychoanalytic_psychotherapy\psychoanalytic_psychotherapy_2002_pep_harvest_log.csv --out-dir C:\Users\lkali\Documents\GitHub\andromeda\data_psychoanalytic_core\data\raw_pep_metadata\psychoanalytic_psychotherapy\2002 --write-run-csv --diagnose,
20260530_011045,v0.1.0,2026-05-29T23:12:43.833442+00:00,psychoanalytic_psychotherapy,Psychoanalytic Psychotherapy,PPTX,2003,ok,0,34,0,C:\Users\lkali\Documents\GitHub\andromeda\data_psychoanalytic_core\data\harvest\articles_by_year\psychoanalytic_psychotherapy\psychoanalytic_psychotherapy_2003_pep_articles_raw.csv,C:\Users\lkali\Documents\GitHub\andromeda\data_psychoanalytic_core\data\harvest\keywords_by_year\psychoanalytic_psychotherapy\psychoanalytic_psychotherapy_2003_pep_keywords_long_raw.csv,C:\Users\lkali\Documents\GitHub\andromeda\data_psychoanalytic_core\data\logs\pep_harvest_by_year\psychoanalytic_psychotherapy\psychoanalytic_psychotherapy_2003_pep_harvest_log.csv,C:\Users\lkali\Documents\GitHub\andromeda\data_psychoanalytic_core\data\raw_pep_metadata\psychoanalytic_psychotherapy\2003,C:\Users\lkali\AppData\Local\Python\pythoncore-3.14-64\python.exe C:\Users\lkali\Documents\GitHub\andromeda\data_psychoanalytic_core\scripts\1a_pep_metadata_probe_v12.py --journal psychoanalytic_psychotherapy --year 2003 --facetquery art_id:PPTX.* AND year:2003 --limit 500 --delay 0.0 --timeout 60.0 --flat-csv C:\Users\lkali\Documents\GitHub\andromeda\data_psychoanalytic_core\data\harvest\articles_by_year\psychoanalytic_psychotherapy\psychoanalytic_psychotherapy_2003_pep_articles_raw.csv --keywords-long-csv C:\Users\lkali\Documents\GitHub\andromeda\data_psychoanalytic_core\data\harvest\keywords_by_year\psychoanalytic_psychotherapy\psychoanalytic_psychotherapy_2003_pep_keywords_long_raw.csv --log C:\Users\lkali\Documents\GitHub\andromeda\data_psychoanalytic_core\data\logs\pep_harvest_by_year\psychoanalytic_psychotherapy\psychoanalytic_psychotherapy_2003_pep_harvest_log.csv --out-dir C:\Users\lkali\Documents\GitHub\andromeda\data_psychoanalytic_core\data\raw_pep_metadata\psychoanalytic_psychotherapy\2003 --write-run-csv --diagnose,
20260530_011045,v0.1.0,2026-05-29T23:12:51.349542+00:00,psychoanalytic_psychotherapy,Psychoanalytic Psychotherapy,PPTX,2004,ok,0,46,0,C:\Users\lkali\Documents\GitHub\andromeda\data_psychoanalytic_core\data\harvest\articles_by_year\psychoanalytic_psychotherapy\psychoanalytic_psychotherapy_2004_pep_articles_raw.csv,C:\Users\lkali\Documents\GitHub\andromeda\data_psychoanalytic_core\data\harvest\keywords_by_year\psychoanalytic_psychotherapy\psychoanalytic_psychotherapy_2004_pep_keywords_long_raw.csv,C:\Users\lkali\Documents\GitHub\andromeda\data_psychoanalytic_core\data\logs\pep_harvest_by_year\psychoanalytic_psychotherapy\psychoanalytic_psychotherapy_2004_pep_harvest_log.csv,C:\Users\lkali\Documents\GitHub\andromeda\data_psychoanalytic_core\data\raw_pep_metadata\psychoanalytic_psychotherapy\2004,C:\Users\lkali\AppData\Local\Python\pythoncore-3.14-64\python.exe C:\Users\lkali\Documents\GitHub\andromeda\data_psychoanalytic_core\scripts\1a_pep_metadata_probe_v12.py --journal psychoanalytic_psychotherapy --year 2004 --facetquery art_id:PPTX.* AND year:2004 --limit 500 --delay 0.0 --timeout 60.0 --flat-csv C:\Users\lkali\Documents\GitHub\andromeda\data_psychoanalytic_core\data\harvest\articles_by_year\psychoanalytic_psychotherapy\psychoanalytic_psychotherapy_2004_pep_articles_raw.csv --keywords-long-csv C:\Users\lkali\Documents\GitHub\andromeda\data_psychoanalytic_core\data\harvest\keywords_by_year\psychoanalytic_psychotherapy\psychoanalytic_psychotherapy_2004_pep_keywords_long_raw.csv --log C:\Users\lkali\Documents\GitHub\andromeda\data_psychoanalytic_core\data\logs\pep_harvest_by_year\psychoanalytic_psychotherapy\psychoanalytic_psychotherapy_2004_pep_harvest_log.csv --out-dir C:\Users\lkali\Documents\GitHub\andromeda\data_psychoanalytic_core\data\raw_pep_metadata\psychoanalytic_psychotherapy\2004 --write-run-csv --diagnose,
20260530_011045,v0.1.0,2026-05-29T23:12:58.900750+00:00,psychoanalytic_psychotherapy,Psychoanalytic Psychotherapy,PPTX,2005,ok,0,31,0,C:\Users\lkali\Documents\GitHub\andromeda\data_psychoanalytic_core\data\harvest\articles_by_year\psychoanalytic_psychotherapy\psychoanalytic_psychotherapy_2005_pep_articles_raw.csv,C:\Users\lkali\Documents\GitHub\andromeda\data_psychoanalytic_core\data\harvest\keywords_by_year\psychoanalytic_psychotherapy\psychoanalytic_psychotherapy_2005_pep_keywords_long_raw.csv,C:\Users\lkali\Documents\GitHub\andromeda\data_psychoanalytic_core\data\logs\pep_harvest_by_year\psychoanalytic_psychotherapy\psychoanalytic_psychotherapy_2005_pep_harvest_log.csv,C:\Users\lkali\Documents\GitHub\andromeda\data_psychoanalytic_core\data\raw_pep_metadata\psychoanalytic_psychotherapy\2005,C:\Users\lkali\AppData\Local\Python\pythoncore-3.14-64\python.exe C:\Users\lkali\Documents\GitHub\andromeda\data_psychoanalytic_core\scripts\1a_pep_metadata_probe_v12.py --journal psychoanalytic_psychotherapy --year 2005 --facetquery art_id:PPTX.* AND year:2005 --limit 500 --delay 0.0 --timeout 60.0 --flat-csv C:\Users\lkali\Documents\GitHub\andromeda\data_psychoanalytic_core\data\harvest\articles_by_year\psychoanalytic_psychotherapy\psychoanalytic_psychotherapy_2005_pep_articles_raw.csv --keywords-long-csv C:\Users\lkali\Documents\GitHub\andromeda\data_psychoanalytic_core\data\harvest\keywords_by_year\psychoanalytic_psychotherapy\psychoanalytic_psychotherapy_2005_pep_keywords_long_raw.csv --log C:\Users\lkali\Documents\GitHub\andromeda\data_psychoanalytic_core\data\logs\pep_harvest_by_year\psychoanalytic_psychotherapy\psychoanalytic_psychotherapy_2005_pep_harvest_log.csv --out-dir C:\Users\lkali\Documents\GitHub\andromeda\data_psychoanalytic_core\data\raw_pep_metadata\psychoanalytic_psychotherapy\2005 --write-run-csv --diagnose,
20260530_011045,v0.1.0,2026-05-29T23:13:06.127187+00:00,psychoanalytic_psychotherapy,Psychoanalytic Psychotherapy,PPTX,2006,ok,0,24,0,C:\Users\lkali\Documents\GitHub\andromeda\data_psychoanalytic_core\data\harvest\articles_by_year\psychoanalytic_psychotherapy\psychoanalytic_psychotherapy_2006_pep_articles_raw.csv,C:\Users\lkali\Documents\GitHub\andromeda\data_psychoanalytic_core\data\harvest\keywords_by_year\psychoanalytic_psychotherapy\psychoanalytic_psychotherapy_2006_pep_keywords_long_raw.csv,C:\Users\lkali\Documents\GitHub\andromeda\data_psychoanalytic_core\data\logs\pep_harvest_by_year\psychoanalytic_psychotherapy\psychoanalytic_psychotherapy_2006_pep_harvest_log.csv,C:\Users\lkali\Documents\GitHub\andromeda\data_psychoanalytic_core\data\raw_pep_metadata\psychoanalytic_psychotherapy\2006,C:\Users\lkali\AppData\Local\Python\pythoncore-3.14-64\python.exe C:\Users\lkali\Documents\GitHub\andromeda\data_psychoanalytic_core\scripts\1a_pep_metadata_probe_v12.py --journal psychoanalytic_psychotherapy --year 2006 --facetquery art_id:PPTX.* AND year:2006 --limit 500 --delay 0.0 --timeout 60.0 --flat-csv C:\Users\lkali\Documents\GitHub\andromeda\data_psychoanalytic_core\data\harvest\articles_by_year\psychoanalytic_psychotherapy\psychoanalytic_psychotherapy_2006_pep_articles_raw.csv --keywords-long-csv C:\Users\lkali\Documents\GitHub\andromeda\data_psychoanalytic_core\data\harvest\keywords_by_year\psychoanalytic_psychotherapy\psychoanalytic_psychotherapy_2006_pep_keywords_long_raw.csv --log C:\Users\lkali\Documents\GitHub\andromeda\data_psychoanalytic_core\data\logs\pep_harvest_by_year\psychoanalytic_psychotherapy\psychoanalytic_psychotherapy_2006_pep_harvest_log.csv --out-dir C:\Users\lkali\Documents\GitHub\andromeda\data_psychoanalytic_core\data\raw_pep_metadata\psychoanalytic_psychotherapy\2006 --write-run-csv --diagnose,
20260530_011045,v0.1.0,2026-05-29T23:13:13.189786+00:00,psychoanalytic_psychotherapy,Psychoanalytic Psychotherapy,PPTX,2007,ok,0,23,0,C:\Users\lkali\Documents\GitHub\andromeda\data_psychoanalytic_core\data\harvest\articles_by_year\psychoanalytic_psychotherapy\psychoanalytic_psychotherapy_2007_pep_articles_raw.csv,C:\Users\lkali\Documents\GitHub\andromeda\data_psychoanalytic_core\data\harvest\keywords_by_year\psychoanalytic_psychotherapy\psychoanalytic_psychotherapy_2007_pep_keywords_long_raw.csv,C:\Users\lkali\Documents\GitHub\andromeda\data_psychoanalytic_core\data\logs\pep_harvest_by_year\psychoanalytic_psychotherapy\psychoanalytic_psychotherapy_2007_pep_harvest_log.csv,C:\Users\lkali\Documents\GitHub\andromeda\data_psychoanalytic_core\data\raw_pep_metadata\psychoanalytic_psychotherapy\2007,C:\Users\lkali\AppData\Local\Python\pythoncore-3.14-64\python.exe C:\Users\lkali\Documents\GitHub\andromeda\data_psychoanalytic_core\scripts\1a_pep_metadata_probe_v12.py --journal psychoanalytic_psychotherapy --year 2007 --facetquery art_id:PPTX.* AND year:2007 --limit 500 --delay 0.0 --timeout 60.0 --flat-csv C:\Users\lkali\Documents\GitHub\andromeda\data_psychoanalytic_core\data\harvest\articles_by_year\psychoanalytic_psychotherapy\psychoanalytic_psychotherapy_2007_pep_articles_raw.csv --keywords-long-csv C:\Users\lkali\Documents\GitHub\andromeda\data_psychoanalytic_core\data\harvest\keywords_by_year\psychoanalytic_psychotherapy\psychoanalytic_psychotherapy_2007_pep_keywords_long_raw.csv --log C:\Users\lkali\Documents\GitHub\andromeda\data_psychoanalytic_core\data\logs\pep_harvest_by_year\psychoanalytic_psychotherapy\psychoanalytic_psychotherapy_2007_pep_harvest_log.csv --out-dir C:\Users\lkali\Documents\GitHub\andromeda\data_psychoanalytic_core\data\raw_pep_metadata\psychoanalytic_psychotherapy\2007 --write-run-csv --diagnose,
20260530_011045,v0.1.0,2026-05-29T23:13:20.728228+00:00,psychoanalytic_psychotherapy,Psychoanalytic Psychotherapy,PPTX,2008,ok,0,39,18,C:\Users\lkali\Documents\GitHub\andromeda\data_psychoanalytic_core\data\harvest\articles_by_year\psychoanalytic_psychotherapy\psychoanalytic_psychotherapy_2008_pep_articles_raw.csv,C:\Users\lkali\Documents\GitHub\andromeda\data_psychoanalytic_core\data\harvest\keywords_by_year\psychoanalytic_psychotherapy\psychoanalytic_psychotherapy_2008_pep_keywords_long_raw.csv,C:\Users\lkali\Documents\GitHub\andromeda\data_psychoanalytic_core\data\logs\pep_harvest_by_year\psychoanalytic_psychotherapy\psychoanalytic_psychotherapy_2008_pep_harvest_log.csv,C:\Users\lkali\Documents\GitHub\andromeda\data_psychoanalytic_core\data\raw_pep_metadata\psychoanalytic_psychotherapy\2008,C:\Users\lkali\AppData\Local\Python\pythoncore-3.14-64\python.exe C:\Users\lkali\Documents\GitHub\andromeda\data_psychoanalytic_core\scripts\1a_pep_metadata_probe_v12.py --journal psychoanalytic_psychotherapy --year 2008 --facetquery art_id:PPTX.* AND year:2008 --limit 500 --delay 0.0 --timeout 60.0 --flat-csv C:\Users\lkali\Documents\GitHub\andromeda\data_psychoanalytic_core\data\harvest\articles_by_year\psychoanalytic_psychotherapy\psychoanalytic_psychotherapy_2008_pep_articles_raw.csv --keywords-long-csv C:\Users\lkali\Documents\GitHub\andromeda\data_psychoanalytic_core\data\harvest\keywords_by_year\psychoanalytic_psychotherapy\psychoanalytic_psychotherapy_2008_pep_keywords_long_raw.csv --log C:\Users\lkali\Documents\GitHub\andromeda\data_psychoanalytic_core\data\logs\pep_harvest_by_year\psychoanalytic_psychotherapy\psychoanalytic_psychotherapy_2008_pep_harvest_log.csv --out-dir C:\Users\lkali\Documents\GitHub\andromeda\data_psychoanalytic_core\data\raw_pep_metadata\psychoanalytic_psychotherapy\2008 --write-run-csv --diagnose,
20260530_011045,v0.1.0,2026-05-29T23:13:28.433569+00:00,psychoanalytic_psychotherapy,Psychoanalytic Psychotherapy,PPTX,2009,ok,0,45,72,C:\Users\lkali\Documents\GitHub\andromeda\data_psychoanalytic_core\data\harvest\articles_by_year\psychoanalytic_psychotherapy\psychoanalytic_psychotherapy_2009_pep_articles_raw.csv,C:\Users\lkali\Documents\GitHub\andromeda\data_psychoanalytic_core\data\harvest\keywords_by_year\psychoanalytic_psychotherapy\psychoanalytic_psychotherapy_2009_pep_keywords_long_raw.csv,C:\Users\lkali\Documents\GitHub\andromeda\data_psychoanalytic_core\data\logs\pep_harvest_by_year\psychoanalytic_psychotherapy\psychoanalytic_psychotherapy_2009_pep_harvest_log.csv,C:\Users\lkali\Documents\GitHub\andromeda\data_psychoanalytic_core\data\raw_pep_metadata\psychoanalytic_psychotherapy\2009,C:\Users\lkali\AppData\Local\Python\pythoncore-3.14-64\python.exe C:\Users\lkali\Documents\GitHub\andromeda\data_psychoanalytic_core\scripts\1a_pep_metadata_probe_v12.py --journal psychoanalytic_psychotherapy --year 2009 --facetquery art_id:PPTX.* AND year:2009 --limit 500 --delay 0.0 --timeout 60.0 --flat-csv C:\Users\lkali\Documents\GitHub\andromeda\data_psychoanalytic_core\data\harvest\articles_by_year\psychoanalytic_psychotherapy\psychoanalytic_psychotherapy_2009_pep_articles_raw.csv --keywords-long-csv C:\Users\lkali\Documents\GitHub\andromeda\data_psychoanalytic_core\data\harvest\keywords_by_year\psychoanalytic_psychotherapy\psychoanalytic_psychotherapy_2009_pep_keywords_long_raw.csv --log C:\Users\lkali\Documents\GitHub\andromeda\data_psychoanalytic_core\data\logs\pep_harvest_by_year\psychoanalytic_psychotherapy\psychoanalytic_psychotherapy_2009_pep_harvest_log.csv --out-dir C:\Users\lkali\Documents\GitHub\andromeda\data_psychoanalytic_core\data\raw_pep_metadata\psychoanalytic_psychotherapy\2009 --write-run-csv --diagnose,
20260530_011045,v0.1.0,2026-05-29T23:13:35.890701+00:00,psychoanalytic_psychotherapy,Psychoanalytic Psychotherapy,PPTX,2010,ok,0,45,104,C:\Users\lkali\Documents\GitHub\andromeda\data_psychoanalytic_core\data\harvest\articles_by_year\psychoanalytic_psychotherapy\psychoanalytic_psychotherapy_2010_pep_articles_raw.csv,C:\Users\lkali\Documents\GitHub\andromeda\data_psychoanalytic_core\data\harvest\keywords_by_year\psychoanalytic_psychotherapy\psychoanalytic_psychotherapy_2010_pep_keywords_long_raw.csv,C:\Users\lkali\Documents\GitHub\andromeda\data_psychoanalytic_core\data\logs\pep_harvest_by_year\psychoanalytic_psychotherapy\psychoanalytic_psychotherapy_2010_pep_harvest_log.csv,C:\Users\lkali\Documents\GitHub\andromeda\data_psychoanalytic_core\data\raw_pep_metadata\psychoanalytic_psychotherapy\2010,C:\Users\lkali\AppData\Local\Python\pythoncore-3.14-64\python.exe C:\Users\lkali\Documents\GitHub\andromeda\data_psychoanalytic_core\scripts\1a_pep_metadata_probe_v12.py --journal psychoanalytic_psychotherapy --year 2010 --facetquery art_id:PPTX.* AND year:2010 --limit 500 --delay 0.0 --timeout 60.0 --flat-csv C:\Users\lkali\Documents\GitHub\andromeda\data_psychoanalytic_core\data\harvest\articles_by_year\psychoanalytic_psychotherapy\psychoanalytic_psychotherapy_2010_pep_articles_raw.csv --keywords-long-csv C:\Users\lkali\Documents\GitHub\andromeda\data_psychoanalytic_core\data\harvest\keywords_by_year\psychoanalytic_psychotherapy\psychoanalytic_psychotherapy_2010_pep_keywords_long_raw.csv --log C:\Users\lkali\Documents\GitHub\andromeda\data_psychoanalytic_core\data\logs\pep_harvest_by_year\psychoanalytic_psychotherapy\psychoanalytic_psychotherapy_2010_pep_harvest_log.csv --out-dir C:\Users\lkali\Documents\GitHub\andromeda\data_psychoanalytic_core\data\raw_pep_metadata\psychoanalytic_psychotherapy\2010 --write-run-csv --diagnose,
20260530_011045,v0.1.0,2026-05-29T23:13:43.494144+00:00,psychoanalytic_psychotherapy,Psychoanalytic Psychotherapy,PPTX,2011,ok,0,47,68,C:\Users\lkali\Documents\GitHub\andromeda\data_psychoanalytic_core\data\harvest\articles_by_year\psychoanalytic_psychotherapy\psychoanalytic_psychotherapy_2011_pep_articles_raw.csv,C:\Users\lkali\Documents\GitHub\andromeda\data_psychoanalytic_core\data\harvest\keywords_by_year\psychoanalytic_psychotherapy\psychoanalytic_psychotherapy_2011_pep_keywords_long_raw.csv,C:\Users\lkali\Documents\GitHub\andromeda\data_psychoanalytic_core\data\logs\pep_harvest_by_year\psychoanalytic_psychotherapy\psychoanalytic_psychotherapy_2011_pep_harvest_log.csv,C:\Users\lkali\Documents\GitHub\andromeda\data_psychoanalytic_core\data\raw_pep_metadata\psychoanalytic_psychotherapy\2011,C:\Users\lkali\AppData\Local\Python\pythoncore-3.14-64\python.exe C:\Users\lkali\Documents\GitHub\andromeda\data_psychoanalytic_core\scripts\1a_pep_metadata_probe_v12.py --journal psychoanalytic_psychotherapy --year 2011 --facetquery art_id:PPTX.* AND year:2011 --limit 500 --delay 0.0 --timeout 60.0 --flat-csv C:\Users\lkali\Documents\GitHub\andromeda\data_psychoanalytic_core\data\harvest\articles_by_year\psychoanalytic_psychotherapy\psychoanalytic_psychotherapy_2011_pep_articles_raw.csv --keywords-long-csv C:\Users\lkali\Documents\GitHub\andromeda\data_psychoanalytic_core\data\harvest\keywords_by_year\psychoanalytic_psychotherapy\psychoanalytic_psychotherapy_2011_pep_keywords_long_raw.csv --log C:\Users\lkali\Documents\GitHub\andromeda\data_psychoanalytic_core\data\logs\pep_harvest_by_year\psychoanalytic_psychotherapy\psychoanalytic_psychotherapy_2011_pep_harvest_log.csv --out-dir C:\Users\lkali\Documents\GitHub\andromeda\data_psychoanalytic_core\data\raw_pep_metadata\psychoanalytic_psychotherapy\2011 --write-run-csv --diagnose,
20260530_011045,v0.1.0,2026-05-29T23:13:51.021516+00:00,psychoanalytic_psychotherapy,Psychoanalytic Psychotherapy,PPTX,2012,ok,0,38,87,C:\Users\lkali\Documents\GitHub\andromeda\data_psychoanalytic_core\data\harvest\articles_by_year\psychoanalytic_psychotherapy\psychoanalytic_psychotherapy_2012_pep_articles_raw.csv,C:\Users\lkali\Documents\GitHub\andromeda\data_psychoanalytic_core\data\harvest\keywords_by_year\psychoanalytic_psychotherapy\psychoanalytic_psychotherapy_2012_pep_keywords_long_raw.csv,C:\Users\lkali\Documents\GitHub\andromeda\data_psychoanalytic_core\data\logs\pep_harvest_by_year\psychoanalytic_psychotherapy\psychoanalytic_psychotherapy_2012_pep_harvest_log.csv,C:\Users\lkali\Documents\GitHub\andromeda\data_psychoanalytic_core\data\raw_pep_metadata\psychoanalytic_psychotherapy\2012,C:\Users\lkali\AppData\Local\Python\pythoncore-3.14-64\python.exe C:\Users\lkali\Documents\GitHub\andromeda\data_psychoanalytic_core\scripts\1a_pep_metadata_probe_v12.py --journal psychoanalytic_psychotherapy --year 2012 --facetquery art_id:PPTX.* AND year:2012 --limit 500 --delay 0.0 --timeout 60.0 --flat-csv C:\Users\lkali\Documents\GitHub\andromeda\data_psychoanalytic_core\data\harvest\articles_by_year\psychoanalytic_psychotherapy\psychoanalytic_psychotherapy_2012_pep_articles_raw.csv --keywords-long-csv C:\Users\lkali\Documents\GitHub\andromeda\data_psychoanalytic_core\data\harvest\keywords_by_year\psychoanalytic_psychotherapy\psychoanalytic_psychotherapy_2012_pep_keywords_long_raw.csv --log C:\Users\lkali\Documents\GitHub\andromeda\data_psychoanalytic_core\data\logs\pep_harvest_by_year\psychoanalytic_psychotherapy\psychoanalytic_psychotherapy_2012_pep_harvest_log.csv --out-dir C:\Users\lkali\Documents\GitHub\andromeda\data_psychoanalytic_core\data\raw_pep_metadata\psychoanalytic_psychotherapy\2012 --write-run-csv --diagnose,
20260530_011045,v0.1.0,2026-05-29T23:13:58.440279+00:00,psychoanalytic_psychotherapy,Psychoanalytic Psychotherapy,PPTX,2013,ok,0,38,96,C:\Users\lkali\Documents\GitHub\andromeda\data_psychoanalytic_core\data\harvest\articles_by_year\psychoanalytic_psychotherapy\psychoanalytic_psychotherapy_2013_pep_articles_raw.csv,C:\Users\lkali\Documents\GitHub\andromeda\data_psychoanalytic_core\data\harvest\keywords_by_year\psychoanalytic_psychotherapy\psychoanalytic_psychotherapy_2013_pep_keywords_long_raw.csv,C:\Users\lkali\Documents\GitHub\andromeda\data_psychoanalytic_core\data\logs\pep_harvest_by_year\psychoanalytic_psychotherapy\psychoanalytic_psychotherapy_2013_pep_harvest_log.csv,C:\Users\lkali\Documents\GitHub\andromeda\data_psychoanalytic_core\data\raw_pep_metadata\psychoanalytic_psychotherapy\2013,C:\Users\lkali\AppData\Local\Python\pythoncore-3.14-64\python.exe C:\Users\lkali\Documents\GitHub\andromeda\data_psychoanalytic_core\scripts\1a_pep_metadata_probe_v12.py --journal psychoanalytic_psychotherapy --year 2013 --facetquery art_id:PPTX.* AND year:2013 --limit 500 --delay 0.0 --timeout 60.0 --flat-csv C:\Users\lkali\Documents\GitHub\andromeda\data_psychoanalytic_core\data\harvest\articles_by_year\psychoanalytic_psychotherapy\psychoanalytic_psychotherapy_2013_pep_articles_raw.csv --keywords-long-csv C:\Users\lkali\Documents\GitHub\andromeda\data_psychoanalytic_core\data\harvest\keywords_by_year\psychoanalytic_psychotherapy\psychoanalytic_psychotherapy_2013_pep_keywords_long_raw.csv --log C:\Users\lkali\Documents\GitHub\andromeda\data_psychoanalytic_core\data\logs\pep_harvest_by_year\psychoanalytic_psychotherapy\psychoanalytic_psychotherapy_2013_pep_harvest_log.csv --out-dir C:\Users\lkali\Documents\GitHub\andromeda\data_psychoanalytic_core\data\raw_pep_metadata\psychoanalytic_psychotherapy\2013 --write-run-csv --diagnose,
20260530_011045,v0.1.0,2026-05-29T23:14:05.734580+00:00,psychoanalytic_psychotherapy,Psychoanalytic Psychotherapy,PPTX,2014,ok,0,45,115,C:\Users\lkali\Documents\GitHub\andromeda\data_psychoanalytic_core\data\harvest\articles_by_year\psychoanalytic_psychotherapy\psychoanalytic_psychotherapy_2014_pep_articles_raw.csv,C:\Users\lkali\Documents\GitHub\andromeda\data_psychoanalytic_core\data\harvest\keywords_by_year\psychoanalytic_psychotherapy\psychoanalytic_psychotherapy_2014_pep_keywords_long_raw.csv,C:\Users\lkali\Documents\GitHub\andromeda\data_psychoanalytic_core\data\logs\pep_harvest_by_year\psychoanalytic_psychotherapy\psychoanalytic_psychotherapy_2014_pep_harvest_log.csv,C:\Users\lkali\Documents\GitHub\andromeda\data_psychoanalytic_core\data\raw_pep_metadata\psychoanalytic_psychotherapy\2014,C:\Users\lkali\AppData\Local\Python\pythoncore-3.14-64\python.exe C:\Users\lkali\Documents\GitHub\andromeda\data_psychoanalytic_core\scripts\1a_pep_metadata_probe_v12.py --journal psychoanalytic_psychotherapy --year 2014 --facetquery art_id:PPTX.* AND year:2014 --limit 500 --delay 0.0 --timeout 60.0 --flat-csv C:\Users\lkali\Documents\GitHub\andromeda\data_psychoanalytic_core\data\harvest\articles_by_year\psychoanalytic_psychotherapy\psychoanalytic_psychotherapy_2014_pep_articles_raw.csv --keywords-long-csv C:\Users\lkali\Documents\GitHub\andromeda\data_psychoanalytic_core\data\harvest\keywords_by_year\psychoanalytic_psychotherapy\psychoanalytic_psychotherapy_2014_pep_keywords_long_raw.csv --log C:\Users\lkali\Documents\GitHub\andromeda\data_psychoanalytic_core\data\logs\pep_harvest_by_year\psychoanalytic_psychotherapy\psychoanalytic_psychotherapy_2014_pep_harvest_log.csv --out-dir C:\Users\lkali\Documents\GitHub\andromeda\data_psychoanalytic_core\data\raw_pep_metadata\psychoanalytic_psychotherapy\2014 --write-run-csv --diagnose,
20260530_011045,v0.1.0,2026-05-29T23:14:13.303173+00:00,psychoanalytic_psychotherapy,Psychoanalytic Psychotherapy,PPTX,2015,ok,0,37,113,C:\Users\lkali\Documents\GitHub\andromeda\data_psychoanalytic_core\data\harvest\articles_by_year\psychoanalytic_psychotherapy\psychoanalytic_psychotherapy_2015_pep_articles_raw.csv,C:\Users\lkali\Documents\GitHub\andromeda\data_psychoanalytic_core\data\harvest\keywords_by_year\psychoanalytic_psychotherapy\psychoanalytic_psychotherapy_2015_pep_keywords_long_raw.csv,C:\Users\lkali\Documents\GitHub\andromeda\data_psychoanalytic_core\data\logs\pep_harvest_by_year\psychoanalytic_psychotherapy\psychoanalytic_psychotherapy_2015_pep_harvest_log.csv,C:\Users\lkali\Documents\GitHub\andromeda\data_psychoanalytic_core\data\raw_pep_metadata\psychoanalytic_psychotherapy\2015,C:\Users\lkali\AppData\Local\Python\pythoncore-3.14-64\python.exe C:\Users\lkali\Documents\GitHub\andromeda\data_psychoanalytic_core\scripts\1a_pep_metadata_probe_v12.py --journal psychoanalytic_psychotherapy --year 2015 --facetquery art_id:PPTX.* AND year:2015 --limit 500 --delay 0.0 --timeout 60.0 --flat-csv C:\Users\lkali\Documents\GitHub\andromeda\data_psychoanalytic_core\data\harvest\articles_by_year\psychoanalytic_psychotherapy\psychoanalytic_psychotherapy_2015_pep_articles_raw.csv --keywords-long-csv C:\Users\lkali\Documents\GitHub\andromeda\data_psychoanalytic_core\data\harvest\keywords_by_year\psychoanalytic_psychotherapy\psychoanalytic_psychotherapy_2015_pep_keywords_long_raw.csv --log C:\Users\lkali\Documents\GitHub\andromeda\data_psychoanalytic_core\data\logs\pep_harvest_by_year\psychoanalytic_psychotherapy\psychoanalytic_psychotherapy_2015_pep_harvest_log.csv --out-dir C:\Users\lkali\Documents\GitHub\andromeda\data_psychoanalytic_core\data\raw_pep_metadata\psychoanalytic_psychotherapy\2015 --write-run-csv --diagnose,
20260530_011045,v0.1.0,2026-05-29T23:14:20.889362+00:00,psychoanalytic_psychotherapy,Psychoanalytic Psychotherapy,PPTX,2016,ok,0,41,95,C:\Users\lkali\Documents\GitHub\andromeda\data_psychoanalytic_core\data\harvest\articles_by_year\psychoanalytic_psychotherapy\psychoanalytic_psychotherapy_2016_pep_articles_raw.csv,C:\Users\lkali\Documents\GitHub\andromeda\data_psychoanalytic_core\data\harvest\keywords_by_year\psychoanalytic_psychotherapy\psychoanalytic_psychotherapy_2016_pep_keywords_long_raw.csv,C:\Users\lkali\Documents\GitHub\andromeda\data_psychoanalytic_core\data\logs\pep_harvest_by_year\psychoanalytic_psychotherapy\psychoanalytic_psychotherapy_2016_pep_harvest_log.csv,C:\Users\lkali\Documents\GitHub\andromeda\data_psychoanalytic_core\data\raw_pep_metadata\psychoanalytic_psychotherapy\2016,C:\Users\lkali\AppData\Local\Python\pythoncore-3.14-64\python.exe C:\Users\lkali\Documents\GitHub\andromeda\data_psychoanalytic_core\scripts\1a_pep_metadata_probe_v12.py --journal psychoanalytic_psychotherapy --year 2016 --facetquery art_id:PPTX.* AND year:2016 --limit 500 --delay 0.0 --timeout 60.0 --flat-csv C:\Users\lkali\Documents\GitHub\andromeda\data_psychoanalytic_core\data\harvest\articles_by_year\psychoanalytic_psychotherapy\psychoanalytic_psychotherapy_2016_pep_articles_raw.csv --keywords-long-csv C:\Users\lkali\Documents\GitHub\andromeda\data_psychoanalytic_core\data\harvest\keywords_by_year\psychoanalytic_psychotherapy\psychoanalytic_psychotherapy_2016_pep_keywords_long_raw.csv --log C:\Users\lkali\Documents\GitHub\andromeda\data_psychoanalytic_core\data\logs\pep_harvest_by_year\psychoanalytic_psychotherapy\psychoanalytic_psychotherapy_2016_pep_harvest_log.csv --out-dir C:\Users\lkali\Documents\GitHub\andromeda\data_psychoanalytic_core\data\raw_pep_metadata\psychoanalytic_psychotherapy\2016 --write-run-csv --diagnose,
20260530_011045,v0.1.0,2026-05-29T23:14:28.104551+00:00,psychoanalytic_psychotherapy,Psychoanalytic Psychotherapy,PPTX,2017,ok,0,39,111,C:\Users\lkali\Documents\GitHub\andromeda\data_psychoanalytic_core\data\harvest\articles_by_year\psychoanalytic_psychotherapy\psychoanalytic_psychotherapy_2017_pep_articles_raw.csv,C:\Users\lkali\Documents\GitHub\andromeda\data_psychoanalytic_core\data\harvest\keywords_by_year\psychoanalytic_psychotherapy\psychoanalytic_psychotherapy_2017_pep_keywords_long_raw.csv,C:\Users\lkali\Documents\GitHub\andromeda\data_psychoanalytic_core\data\logs\pep_harvest_by_year\psychoanalytic_psychotherapy\psychoanalytic_psychotherapy_2017_pep_harvest_log.csv,C:\Users\lkali\Documents\GitHub\andromeda\data_psychoanalytic_core\data\raw_pep_metadata\psychoanalytic_psychotherapy\2017,C:\Users\lkali\AppData\Local\Python\pythoncore-3.14-64\python.exe C:\Users\lkali\Documents\GitHub\andromeda\data_psychoanalytic_core\scripts\1a_pep_metadata_probe_v12.py --journal psychoanalytic_psychotherapy --year 2017 --facetquery art_id:PPTX.* AND year:2017 --limit 500 --delay 0.0 --timeout 60.0 --flat-csv C:\Users\lkali\Documents\GitHub\andromeda\data_psychoanalytic_core\data\harvest\articles_by_year\psychoanalytic_psychotherapy\psychoanalytic_psychotherapy_2017_pep_articles_raw.csv --keywords-long-csv C:\Users\lkali\Documents\GitHub\andromeda\data_psychoanalytic_core\data\harvest\keywords_by_year\psychoanalytic_psychotherapy\psychoanalytic_psychotherapy_2017_pep_keywords_long_raw.csv --log C:\Users\lkali\Documents\GitHub\andromeda\data_psychoanalytic_core\data\logs\pep_harvest_by_year\psychoanalytic_psychotherapy\psychoanalytic_psychotherapy_2017_pep_harvest_log.csv --out-dir C:\Users\lkali\Documents\GitHub\andromeda\data_psychoanalytic_core\data\raw_pep_metadata\psychoanalytic_psychotherapy\2017 --write-run-csv --diagnose,
20260530_011045,v0.1.0,2026-05-29T23:14:35.461215+00:00,psychoanalytic_psychotherapy,Psychoanalytic Psychotherapy,PPTX,2018,ok,0,34,93,C:\Users\lkali\Documents\GitHub\andromeda\data_psychoanalytic_core\data\harvest\articles_by_year\psychoanalytic_psychotherapy\psychoanalytic_psychotherapy_2018_pep_articles_raw.csv,C:\Users\lkali\Documents\GitHub\andromeda\data_psychoanalytic_core\data\harvest\keywords_by_year\psychoanalytic_psychotherapy\psychoanalytic_psychotherapy_2018_pep_keywords_long_raw.csv,C:\Users\lkali\Documents\GitHub\andromeda\data_psychoanalytic_core\data\logs\pep_harvest_by_year\psychoanalytic_psychotherapy\psychoanalytic_psychotherapy_2018_pep_harvest_log.csv,C:\Users\lkali\Documents\GitHub\andromeda\data_psychoanalytic_core\data\raw_pep_metadata\psychoanalytic_psychotherapy\2018,C:\Users\lkali\AppData\Local\Python\pythoncore-3.14-64\python.exe C:\Users\lkali\Documents\GitHub\andromeda\data_psychoanalytic_core\scripts\1a_pep_metadata_probe_v12.py --journal psychoanalytic_psychotherapy --year 2018 --facetquery art_id:PPTX.* AND year:2018 --limit 500 --delay 0.0 --timeout 60.0 --flat-csv C:\Users\lkali\Documents\GitHub\andromeda\data_psychoanalytic_core\data\harvest\articles_by_year\psychoanalytic_psychotherapy\psychoanalytic_psychotherapy_2018_pep_articles_raw.csv --keywords-long-csv C:\Users\lkali\Documents\GitHub\andromeda\data_psychoanalytic_core\data\harvest\keywords_by_year\psychoanalytic_psychotherapy\psychoanalytic_psychotherapy_2018_pep_keywords_long_raw.csv --log C:\Users\lkali\Documents\GitHub\andromeda\data_psychoanalytic_core\data\logs\pep_harvest_by_year\psychoanalytic_psychotherapy\psychoanalytic_psychotherapy_2018_pep_harvest_log.csv --out-dir C:\Users\lkali\Documents\GitHub\andromeda\data_psychoanalytic_core\data\raw_pep_metadata\psychoanalytic_psychotherapy\2018 --write-run-csv --diagnose,
20260530_011045,v0.1.0,2026-05-29T23:14:42.915115+00:00,psychoanalytic_psychotherapy,Psychoanalytic Psychotherapy,PPTX,2019,ok,0,34,64,C:\Users\lkali\Documents\GitHub\andromeda\data_psychoanalytic_core\data\harvest\articles_by_year\psychoanalytic_psychotherapy\psychoanalytic_psychotherapy_2019_pep_articles_raw.csv,C:\Users\lkali\Documents\GitHub\andromeda\data_psychoanalytic_core\data\harvest\keywords_by_year\psychoanalytic_psychotherapy\psychoanalytic_psychotherapy_2019_pep_keywords_long_raw.csv,C:\Users\lkali\Documents\GitHub\andromeda\data_psychoanalytic_core\data\logs\pep_harvest_by_year\psychoanalytic_psychotherapy\psychoanalytic_psychotherapy_2019_pep_harvest_log.csv,C:\Users\lkali\Documents\GitHub\andromeda\data_psychoanalytic_core\data\raw_pep_metadata\psychoanalytic_psychotherapy\2019,C:\Users\lkali\AppData\Local\Python\pythoncore-3.14-64\python.exe C:\Users\lkali\Documents\GitHub\andromeda\data_psychoanalytic_core\scripts\1a_pep_metadata_probe_v12.py --journal psychoanalytic_psychotherapy --year 2019 --facetquery art_id:PPTX.* AND year:2019 --limit 500 --delay 0.0 --timeout 60.0 --flat-csv C:\Users\lkali\Documents\GitHub\andromeda\data_psychoanalytic_core\data\harvest\articles_by_year\psychoanalytic_psychotherapy\psychoanalytic_psychotherapy_2019_pep_articles_raw.csv --keywords-long-csv C:\Users\lkali\Documents\GitHub\andromeda\data_psychoanalytic_core\data\harvest\keywords_by_year\psychoanalytic_psychotherapy\psychoanalytic_psychotherapy_2019_pep_keywords_long_raw.csv --log C:\Users\lkali\Documents\GitHub\andromeda\data_psychoanalytic_core\data\logs\pep_harvest_by_year\psychoanalytic_psychotherapy\psychoanalytic_psychotherapy_2019_pep_harvest_log.csv --out-dir C:\Users\lkali\Documents\GitHub\andromeda\data_psychoanalytic_core\data\raw_pep_metadata\psychoanalytic_psychotherapy\2019 --write-run-csv --diagnose,
20260530_011045,v0.1.0,2026-05-29T23:14:50.308476+00:00,psychoanalytic_psychotherapy,Psychoanalytic Psychotherapy,PPTX,2020,ok,0,32,74,C:\Users\lkali\Documents\GitHub\andromeda\data_psychoanalytic_core\data\harvest\articles_by_year\psychoanalytic_psychotherapy\psychoanalytic_psychotherapy_2020_pep_articles_raw.csv,C:\Users\lkali\Documents\GitHub\andromeda\data_psychoanalytic_core\data\harvest\keywords_by_year\psychoanalytic_psychotherapy\psychoanalytic_psychotherapy_2020_pep_keywords_long_raw.csv,C:\Users\lkali\Documents\GitHub\andromeda\data_psychoanalytic_core\data\logs\pep_harvest_by_year\psychoanalytic_psychotherapy\psychoanalytic_psychotherapy_2020_pep_harvest_log.csv,C:\Users\lkali\Documents\GitHub\andromeda\data_psychoanalytic_core\data\raw_pep_metadata\psychoanalytic_psychotherapy\2020,C:\Users\lkali\AppData\Local\Python\pythoncore-3.14-64\python.exe C:\Users\lkali\Documents\GitHub\andromeda\data_psychoanalytic_core\scripts\1a_pep_metadata_probe_v12.py --journal psychoanalytic_psychotherapy --year 2020 --facetquery art_id:PPTX.* AND year:2020 --limit 500 --delay 0.0 --timeout 60.0 --flat-csv C:\Users\lkali\Documents\GitHub\andromeda\data_psychoanalytic_core\data\harvest\articles_by_year\psychoanalytic_psychotherapy\psychoanalytic_psychotherapy_2020_pep_articles_raw.csv --keywords-long-csv C:\Users\lkali\Documents\GitHub\andromeda\data_psychoanalytic_core\data\harvest\keywords_by_year\psychoanalytic_psychotherapy\psychoanalytic_psychotherapy_2020_pep_keywords_long_raw.csv --log C:\Users\lkali\Documents\GitHub\andromeda\data_psychoanalytic_core\data\logs\pep_harvest_by_year\psychoanalytic_psychotherapy\psychoanalytic_psychotherapy_2020_pep_harvest_log.csv --out-dir C:\Users\lkali\Documents\GitHub\andromeda\data_psychoanalytic_core\data\raw_pep_metadata\psychoanalytic_psychotherapy\2020 --write-run-csv --diagnose,
20260530_011045,v0.1.0,2026-05-29T23:14:57.782081+00:00,psychoanalytic_psychotherapy,Psychoanalytic Psychotherapy,PPTX,2021,ok,0,35,86,C:\Users\lkali\Documents\GitHub\andromeda\data_psychoanalytic_core\data\harvest\articles_by_year\psychoanalytic_psychotherapy\psychoanalytic_psychotherapy_2021_pep_articles_raw.csv,C:\Users\lkali\Documents\GitHub\andromeda\data_psychoanalytic_core\data\harvest\keywords_by_year\psychoanalytic_psychotherapy\psychoanalytic_psychotherapy_2021_pep_keywords_long_raw.csv,C:\Users\lkali\Documents\GitHub\andromeda\data_psychoanalytic_core\data\logs\pep_harvest_by_year\psychoanalytic_psychotherapy\psychoanalytic_psychotherapy_2021_pep_harvest_log.csv,C:\Users\lkali\Documents\GitHub\andromeda\data_psychoanalytic_core\data\raw_pep_metadata\psychoanalytic_psychotherapy\2021,C:\Users\lkali\AppData\Local\Python\pythoncore-3.14-64\python.exe C:\Users\lkali\Documents\GitHub\andromeda\data_psychoanalytic_core\scripts\1a_pep_metadata_probe_v12.py --journal psychoanalytic_psychotherapy --year 2021 --facetquery art_id:PPTX.* AND year:2021 --limit 500 --delay 0.0 --timeout 60.0 --flat-csv C:\Users\lkali\Documents\GitHub\andromeda\data_psychoanalytic_core\data\harvest\articles_by_year\psychoanalytic_psychotherapy\psychoanalytic_psychotherapy_2021_pep_articles_raw.csv --keywords-long-csv C:\Users\lkali\Documents\GitHub\andromeda\data_psychoanalytic_core\data\harvest\keywords_by_year\psychoanalytic_psychotherapy\psychoanalytic_psychotherapy_2021_pep_keywords_long_raw.csv --log C:\Users\lkali\Documents\GitHub\andromeda\data_psychoanalytic_core\data\logs\pep_harvest_by_year\psychoanalytic_psychotherapy\psychoanalytic_psychotherapy_2021_pep_harvest_log.csv --out-dir C:\Users\lkali\Documents\GitHub\andromeda\data_psychoanalytic_core\data\raw_pep_metadata\psychoanalytic_psychotherapy\2021 --write-run-csv --diagnose,
20260530_011045,v0.1.0,2026-05-29T23:15:05.344151+00:00,psychoanalytic_psychotherapy,Psychoanalytic Psychotherapy,PPTX,2022,ok,0,33,110,C:\Users\lkali\Documents\GitHub\andromeda\data_psychoanalytic_core\data\harvest\articles_by_year\psychoanalytic_psychotherapy\psychoanalytic_psychotherapy_2022_pep_articles_raw.csv,C:\Users\lkali\Documents\GitHub\andromeda\data_psychoanalytic_core\data\harvest\keywords_by_year\psychoanalytic_psychotherapy\psychoanalytic_psychotherapy_2022_pep_keywords_long_raw.csv,C:\Users\lkali\Documents\GitHub\andromeda\data_psychoanalytic_core\data\logs\pep_harvest_by_year\psychoanalytic_psychotherapy\psychoanalytic_psychotherapy_2022_pep_harvest_log.csv,C:\Users\lkali\Documents\GitHub\andromeda\data_psychoanalytic_core\data\raw_pep_metadata\psychoanalytic_psychotherapy\2022,C:\Users\lkali\AppData\Local\Python\pythoncore-3.14-64\python.exe C:\Users\lkali\Documents\GitHub\andromeda\data_psychoanalytic_core\scripts\1a_pep_metadata_probe_v12.py --journal psychoanalytic_psychotherapy --year 2022 --facetquery art_id:PPTX.* AND year:2022 --limit 500 --delay 0.0 --timeout 60.0 --flat-csv C:\Users\lkali\Documents\GitHub\andromeda\data_psychoanalytic_core\data\harvest\articles_by_year\psychoanalytic_psychotherapy\psychoanalytic_psychotherapy_2022_pep_articles_raw.csv --keywords-long-csv C:\Users\lkali\Documents\GitHub\andromeda\data_psychoanalytic_core\data\harvest\keywords_by_year\psychoanalytic_psychotherapy\psychoanalytic_psychotherapy_2022_pep_keywords_long_raw.csv --log C:\Users\lkali\Documents\GitHub\andromeda\data_psychoanalytic_core\data\logs\pep_harvest_by_year\psychoanalytic_psychotherapy\psychoanalytic_psychotherapy_2022_pep_harvest_log.csv --out-dir C:\Users\lkali\Documents\GitHub\andromeda\data_psychoanalytic_core\data\raw_pep_metadata\psychoanalytic_psychotherapy\2022 --write-run-csv --diagnose,
20260530_011045,v0.1.0,2026-05-29T23:15:12.946475+00:00,psychoanalytic_psychotherapy,Psychoanalytic Psychotherapy,PPTX,2023,ok,0,37,98,C:\Users\lkali\Documents\GitHub\andromeda\data_psychoanalytic_core\data\harvest\articles_by_year\psychoanalytic_psychotherapy\psychoanalytic_psychotherapy_2023_pep_articles_raw.csv,C:\Users\lkali\Documents\GitHub\andromeda\data_psychoanalytic_core\data\harvest\keywords_by_year\psychoanalytic_psychotherapy\psychoanalytic_psychotherapy_2023_pep_keywords_long_raw.csv,C:\Users\lkali\Documents\GitHub\andromeda\data_psychoanalytic_core\data\logs\pep_harvest_by_year\psychoanalytic_psychotherapy\psychoanalytic_psychotherapy_2023_pep_harvest_log.csv,C:\Users\lkali\Documents\GitHub\andromeda\data_psychoanalytic_core\data\raw_pep_metadata\psychoanalytic_psychotherapy\2023,C:\Users\lkali\AppData\Local\Python\pythoncore-3.14-64\python.exe C:\Users\lkali\Documents\GitHub\andromeda\data_psychoanalytic_core\scripts\1a_pep_metadata_probe_v12.py --journal psychoanalytic_psychotherapy --year 2023 --facetquery art_id:PPTX.* AND year:2023 --limit 500 --delay 0.0 --timeout 60.0 --flat-csv C:\Users\lkali\Documents\GitHub\andromeda\data_psychoanalytic_core\data\harvest\articles_by_year\psychoanalytic_psychotherapy\psychoanalytic_psychotherapy_2023_pep_articles_raw.csv --keywords-long-csv C:\Users\lkali\Documents\GitHub\andromeda\data_psychoanalytic_core\data\harvest\keywords_by_year\psychoanalytic_psychotherapy\psychoanalytic_psychotherapy_2023_pep_keywords_long_raw.csv --log C:\Users\lkali\Documents\GitHub\andromeda\data_psychoanalytic_core\data\logs\pep_harvest_by_year\psychoanalytic_psychotherapy\psychoanalytic_psychotherapy_2023_pep_harvest_log.csv --out-dir C:\Users\lkali\Documents\GitHub\andromeda\data_psychoanalytic_core\data\raw_pep_metadata\psychoanalytic_psychotherapy\2023 --write-run-csv --diagnose,
20260530_011045,v0.1.0,2026-05-29T23:15:20.252179+00:00,psychoanalytic_psychotherapy,Psychoanalytic Psychotherapy,PPTX,2024,ok,0,39,115,C:\Users\lkali\Documents\GitHub\andromeda\data_psychoanalytic_core\data\harvest\articles_by_year\psychoanalytic_psychotherapy\psychoanalytic_psychotherapy_2024_pep_articles_raw.csv,C:\Users\lkali\Documents\GitHub\andromeda\data_psychoanalytic_core\data\harvest\keywords_by_year\psychoanalytic_psychotherapy\psychoanalytic_psychotherapy_2024_pep_keywords_long_raw.csv,C:\Users\lkali\Documents\GitHub\andromeda\data_psychoanalytic_core\data\logs\pep_harvest_by_year\psychoanalytic_psychotherapy\psychoanalytic_psychotherapy_2024_pep_harvest_log.csv,C:\Users\lkali\Documents\GitHub\andromeda\data_psychoanalytic_core\data\raw_pep_metadata\psychoanalytic_psychotherapy\2024,C:\Users\lkali\AppData\Local\Python\pythoncore-3.14-64\python.exe C:\Users\lkali\Documents\GitHub\andromeda\data_psychoanalytic_core\scripts\1a_pep_metadata_probe_v12.py --journal psychoanalytic_psychotherapy --year 2024 --facetquery art_id:PPTX.* AND year:2024 --limit 500 --delay 0.0 --timeout 60.0 --flat-csv C:\Users\lkali\Documents\GitHub\andromeda\data_psychoanalytic_core\data\harvest\articles_by_year\psychoanalytic_psychotherapy\psychoanalytic_psychotherapy_2024_pep_articles_raw.csv --keywords-long-csv C:\Users\lkali\Documents\GitHub\andromeda\data_psychoanalytic_core\data\harvest\keywords_by_year\psychoanalytic_psychotherapy\psychoanalytic_psychotherapy_2024_pep_keywords_long_raw.csv --log C:\Users\lkali\Documents\GitHub\andromeda\data_psychoanalytic_core\data\logs\pep_harvest_by_year\psychoanalytic_psychotherapy\psychoanalytic_psychotherapy_2024_pep_harvest_log.csv --out-dir C:\Users\lkali\Documents\GitHub\andromeda\data_psychoanalytic_core\data\raw_pep_metadata\psychoanalytic_psychotherapy\2024 --write-run-csv --diagnose,
20260530_011045,v0.1.0,2026-05-29T23:15:27.669272+00:00,psychoanalytic_psychotherapy,Psychoanalytic Psychotherapy,PPTX,2025,ok,0,29,77,C:\Users\lkali\Documents\GitHub\andromeda\data_psychoanalytic_core\data\harvest\articles_by_year\psychoanalytic_psychotherapy\psychoanalytic_psychotherapy_2025_pep_articles_raw.csv,C:\Users\lkali\Documents\GitHub\andromeda\data_psychoanalytic_core\data\harvest\keywords_by_year\psychoanalytic_psychotherapy\psychoanalytic_psychotherapy_2025_pep_keywords_long_raw.csv,C:\Users\lkali\Documents\GitHub\andromeda\data_psychoanalytic_core\data\logs\pep_harvest_by_year\psychoanalytic_psychotherapy\psychoanalytic_psychotherapy_2025_pep_harvest_log.csv,C:\Users\lkali\Documents\GitHub\andromeda\data_psychoanalytic_core\data\raw_pep_metadata\psychoanalytic_psychotherapy\2025,C:\Users\lkali\AppData\Local\Python\pythoncore-3.14-64\python.exe C:\Users\lkali\Documents\GitHub\andromeda\data_psychoanalytic_core\scripts\1a_pep_metadata_probe_v12.py --journal psychoanalytic_psychotherapy --year 2025 --facetquery art_id:PPTX.* AND year:2025 --limit 500 --delay 0.0 --timeout 60.0 --flat-csv C:\Users\lkali\Documents\GitHub\andromeda\data_psychoanalytic_core\data\harvest\articles_by_year\psychoanalytic_psychotherapy\psychoanalytic_psychotherapy_2025_pep_articles_raw.csv --keywords-long-csv C:\Users\lkali\Documents\GitHub\andromeda\data_psychoanalytic_core\data\harvest\keywords_by_year\psychoanalytic_psychotherapy\psychoanalytic_psychotherapy_2025_pep_keywords_long_raw.csv --log C:\Users\lkali\Documents\GitHub\andromeda\data_psychoanalytic_core\data\logs\pep_harvest_by_year\psychoanalytic_psychotherapy\psychoanalytic_psychotherapy_2025_pep_harvest_log.csv --out-dir C:\Users\lkali\Documents\GitHub\andromeda\data_psychoanalytic_core\data\raw_pep_metadata\psychoanalytic_psychotherapy\2025 --write-run-csv --diagnose,
