year,keyword_final_polish
2025.0,neuropsychologia
2025.0,psychiatria dzieci i młodzieży
2025.0,logopedia
2025.0,psychiatria dzieci i młodzieży
2025.0,psychiatria dzieci i młodzieży
2025.0,diagnostyka logopedyczna
2025.0,psychiatria dzieci i młodzieży
2025.0,psychiatria dzieci i młodzieży
2025.0,zaburzenia odżywiania
2025.0,zaburzenia odżywiania
2025.0,psychiatria dzieci i młodzieży
2025.0,psychotherapy
2025.0,seksualność
2025.0,ciąża
2025.0,kobiety
2025.0,studenci
2025.0,psychopatologia
2025.0,metodologia badań
2025.0,epidemiologia
2025.0,młodzież
2025.0,psychiatria dzieci i młodzieży
2025.0,młodzież
2025.0,schizofrenia
2025.0,olanzapina
2025.0,farmakoterapia
2025.0,samobójstwo
2021.0,bezsenność
2021.0,farmakoterapia
2021.0,trazodon
2021.0,farmakoterapia
,walidacja
2020.0,klasyfikacja
2025.0,psychometria
2025.0,temperament
2025.0,walidacja
2025.0,neuropsychologia
2025.0,neurotransmitery
2025.0,neurotransmitery
2025.0,kreatywność
2025.0,neuropsychologia
2025.0,psychiatria dzieci i młodzieży
2025.0,psychiatria dzieci i młodzieży
2025.0,młodzież
2025.0,temperament
2025.0,psychiatria dzieci i młodzieży
2025.0,mentalizacja
2025.0,depresja
2025.0,młodzież
2025.0,psychiatria dzieci i młodzieży
2025.0,depresja
2025.0,depresja
2025.0,schizofrenia
2025.0,biopierwiastki
2025.0,farmakoterapia
2025.0,farmakoterapia
2025.0,prawo i hospitalizacja
2025.0,schizofrenia
2025.0,leczenie
2025.0,neuropsychologia
2025.0,depresja
2025.0,niepłodność
2025.0,psychoterapia
2025.0,farmakoterapia
2025.0,depresja
2025.0,depresja
2025.0,depresja
2025.0,farmakoterapia
2025.0,farmakoterapia
2025.0,uzależnienia
2025.0,reklama
2025.0,farmakoterapia
2025.0,stres
2025.0,mniejszości seksualne
2025.0,menopauza
2025.0,psychoterapia
2025.0,umowa terapeutyczna
2025.0,schizofrenia
2025.0,stres
2025.0,psychiatria dzieci i młodzieży
2025.0,neuropsychologia
2025.0,psychiatria dzieci i młodzieży
2025.0,psychiatria dzieci i młodzieży
2025.0,psychiatria dzieci i młodzieży
2025.0,psychiatria dzieci i młodzieży
2025.0,farmakoterapia
2025.0,psychiatria dzieci i młodzieży
2025.0,psychiatria dzieci i młodzieży
2025.0,psychiatria dzieci i młodzieży
2025.0,anhedonia
2025.0,psychiatria dzieci i młodzieży
2025.0,efekty leczenia
2025.0,efekty leczenia
2025.0,psychiatria dzieci i młodzieży
2025.0,psychiatria dzieci i młodzieży
2025.0,psychiatria dzieci i młodzieży
2025.0,psychoterapia
2025.0,relacja terapeutyczna
2025.0,ptsd
2025.0,diagnostyka eeg
2025.0,diagnostyka
2025.0,neuropsychologia
2025.0,samobójstwo
2025.0,psychopatologia
2025.0,fibromialgia
2025.0,farmakoterapia
2025.0,anhedonia
2025.0,mania
2025.0,psychiatria dzieci i młodzieży
2025.0,fobie
2025.0,empatia
2025.0,trauma
2025.0,psychoterapia
2025.0,specjaliści zdrowia psychicznego
2025.0,znieczulenie
2025.0,elektrowstrząsy
2025.0,farmakoterapia
2025.0,bmi
2025.0,cyberchondria
2025.0,neuropsychologia
2025.0,rodzina
2025.0,farmakoterapia
2025.0,depresja
2025.0,ssri
2025.0,trazodon
2025.0,farmakoterapia
2025.0,równowaga
2025.0,schizofrenia
2025.0,stygmatyzacja
2025.0,stygmatyzacja
2025.0,psychiatria
2025.0,prawo pacjenta
2025.0,klozapina
2025.0,farmakoterapia
2025.0,farmakoterapia
2025.0,ciąża
2025.0,wolontariat
2025.0,wojna
2025.0,depresja
2024.0,neuropsychologia
2024.0,schizofrenia
2024.0,autonarracja
2024.0,samoocena
2024.0,psychoza
2024.0,elektrowstrząsy
2024.0,zaburzenia snu i emocji
2024.0,neuropsychologia
2024.0,metapoznanie
2024.0,psychiatria dzieci i młodzieży
2024.0,epigenetyka
2024.0,oksytocyna
2024.0,psychoza
2024.0,mindfulness
2024.0,mindfulness
2024.0,temperament
2024.0,przywiązanie
2024.0,uzależnienia behawioralne
2024.0,neuroobrazowanie
2024.0,diagnostyka
2024.0,schizofrenia
2024.0,intuicja
2024.0,neuropsychologia
2024.0,depresja
2024.0,separacja
2024.0,psychologia
2024.0,psychiatria dzieci i młodzieży
2024.0,psychiatria dzieci i młodzieży
2024.0,młodzież
2024.0,psychiatria dzieci i młodzieży
2024.0,adhd
2024.0,psychiatria dzieci i młodzieży
2024.0,autyzm
2024.0,oksytocyna
2024.0,psychiatria dzieci i młodzieży
2024.0,kardiologia
2024.0,otyłość
2024.0,farmakoterapia
2024.0,stres
2024.0,kobiety
2024.0,przywiązanie
2024.0,prawo pacjenta
2024.0,neuropsychologia
2024.0,schizofrenia
2024.0,farmakoterapia
2024.0,leczenie
2024.0,majaczenie
2024.0,farmakoterapia
2024.0,neuropsychologia
2024.0,farmakoterapia
2024.0,samobójstwo
2024.0,farmakoterapia
2024.0,neuropsychologia
2024.0,farmakoterapia
2024.0,psychiatria dzieci i młodzieży
2024.0,dorośli
2024.0,farmakoterapia
2024.0,psychoterapia
2024.0,psychoterapia
2024.0,superwizja
2024.0,depresja
2024.0,autyzm
2024.0,neuroobrazowanie
2024.0,neuropsychologia
2024.0,psychiatria dzieci i młodzieży
2024.0,ciąża
2024.0,historia psychiatrii
2024.0,psychoterapia
2024.0,historia psychiatrii
2024.0,psychoterapia
2024.0,neuropsychologia
2024.0,neuropsychologia
2024.0,farmakoterapia
2024.0,uzależnienia
2024.0,farmakoterapia
2024.0,farmakoterapia
2024.0,uzależnienia
2024.0,farmakoterapia
2024.0,farmakoterapia
2024.0,świadomość
2024.0,neuropsychologia
2024.0,trazodon
2024.0,farmakoterapia
2024.0,uzależnienia
2024.0,psychoonkologia
2024.0,trauma
2024.0,psychiatria dzieci i młodzieży
2024.0,ptsd
2024.0,psychoterapia
2024.0,psychoterapia online
2024.0,samoocena
2024.0,historia psychiatrii
2024.0,zaburzenia osobowości
2024.0,psychoza
2024.0,neuropsychologia
2024.0,farmakoterapia
2024.0,schizofrenia
2024.0,farmakoterapia
2024.0,farmakoterapia
2024.0,temperament
2024.0,neuropsychologia
2024.0,żałoba
2024.0,mindfulness
2024.0,schizofrenia
2024.0,padaczka
2024.0,prawo i psychiatria
2024.0,psychoterapia
2024.0,trauma
2024.0,młodzież
2024.0,empatia
2024.0,zaburzenia emocji i zachowania
2024.0,psychiatria dzieci i młodzieży
2024.0,elektrowstrząsy
2024.0,katatonia
2024.0,elektrowstrząsy
2024.0,stres
2024.0,agresja
2024.0,agresja
2024.0,tłumaczenia
2024.0,neuropsychologia
2024.0,samobójstwo
2024.0,trauma
2024.0,empatia
2024.0,trauma
2024.0,depresja
2024.0,diagnostyka
2024.0,diagnostyka
2024.0,diagnostyka
2024.0,hazard
2024.0,uzależnienia
2024.0,wojna
2024.0,depresja
2024.0,uzależnienia
2024.0,neurobiologia
2024.0,neurobiologia
2024.0,neurobiologia
2024.0,neuropsychologia
2024.0,psychiatria dzieci i młodzieży
2024.0,mniejszości seksualne
2024.0,psychopatologia
2024.0,neuropsychologia
2024.0,farmakoterapia
2024.0,neuropsychologia
2023.0,farmakoterapia
2023.0,depresja
2023.0,farmakoterapia
2023.0,farmakoterapia
2023.0,farmakoterapia
2023.0,neuropsychologia
2023.0,farmakoterapia
2023.0,stres
2023.0,agresja
2023.0,psychopatia
2023.0,zaburzenia odżywiania
2023.0,żywienie
2023.0,system opieki zdrowotnej
2023.0,depresja
2023.0,depresja
2023.0,psychometria
2023.0,psychometria
2023.0,uzależnienia
2023.0,schizofrenia
2023.0,stymulacja magnetyczna
2023.0,biomarkery
2023.0,neuropsychologia
2023.0,psychiatria dzieci i młodzieży
2023.0,depresja
2023.0,psychiatria dzieci i młodzieży
2023.0,ssri
2023.0,psychiatria dzieci i młodzieży
2023.0,depresja
2023.0,psychiatria dzieci i młodzieży
2023.0,farmakoterapia
2023.0,farmakoterapia
2023.0,psychiatria
2023.0,neuropsychologia
2023.0,farmakoterapia
2023.0,schizofrenia
2023.0,schizofrenia
2023.0,depresja
2023.0,farmakoterapia
2023.0,katatonia
2023.0,farmakoterapia
2023.0,ptsd
2023.0,ruminacje
2023.0,transpłciowość
2023.0,transpłciowość
2023.0,mniejszości seksualne
2023.0,seksualność
2023.0,farmakoterapia
2023.0,medycyna sądowa
2023.0,depresja
2023.0,psychiatria dzieci i młodzieży
2023.0,studenci
2023.0,przekonania
2023.0,wiedza o zaburzeniach
2023.0,neuropsychologia
2023.0,farmakoterapia
2023.0,uchodźcy
2023.0,trauma
2023.0,trauma
2023.0,trauma
2023.0,depresja
2023.0,nowotwór
2023.0,nowotwór
2023.0,nowotwór
2023.0,neuropsychiatria
2023.0,neuropsychologia
2023.0,neuropsychiatria
2023.0,neuropsychologia
2023.0,psychiatria dzieci i młodzieży
2023.0,mądrość
2023.0,neuropsychologia
2023.0,psychiatria dzieci i młodzieży
2023.0,bezsenność
2023.0,leczenie
2023.0,farmakoterapia
2023.0,anemia
2023.0,depresja
2023.0,farmakoterapia
2023.0,depresja
2023.0,lockdown
2023.0,autonarracja
2023.0,schizofrenia
2023.0,prawo i psychiatria
2023.0,prawo i psychiatria
2023.0,przestępczość
2023.0,prawo i psychiatria
2023.0,ptsd
2023.0,psychiatria dzieci i młodzieży
2023.0,psychiatria dzieci i młodzieży
2023.0,farmakoterapia
2023.0,psychodeliki
2023.0,farmakoterapia
2023.0,neuropsychologia
2023.0,psychometria
2023.0,dializa
2023.0,schizofrenia
2023.0,schizofrenia
2023.0,schizofrenia
2023.0,depresja
2023.0,anoreksja
2023.0,adhd
2023.0,adhd
2023.0,psychiatria dzieci i młodzieży
2023.0,młodzież
2023.0,psychiatria dzieci i młodzieży
2023.0,depresja
2023.0,migrena
2023.0,etiopatogeneza
2023.0,psychosomatyka
2023.0,psychosomatyka
2023.0,neuropsychologia
2023.0,opiekunowie
2023.0,neuropsychologia
2023.0,psychiatria dzieci i młodzieży
2023.0,seksualność
2023.0,bdsm
2023.0,bdsm
2023.0,bdsm
2023.0,neuropsychologia
2023.0,farmakoterapia
2023.0,schizofrenia
2023.0,farmakoterapia
2023.0,schizofrenia
2023.0,badania pilotażowe
2023.0,psychoza
2023.0,schizofrenia
2023.0,psychiatria dzieci i młodzieży
2023.0,mniejszości seksualne
2023.0,seksualność
2023.0,zdrowie
2023.0,psychologia pozytywna
2023.0,bdsm
2023.0,tożsamość
2023.0,seksualność
2023.0,trauma
2023.0,hipochondria
2023.0,psychosomatyka
2023.0,samokontrola
2023.0,diagnostyka krążenia
2023.0,diagnostyka krążenia
2023.0,wypalenie zawodowe
2023.0,walidacja
2023.0,farmakoterapia
2023.0,diagnoza
2022.0,schizofrenia
2022.0,stymulacja magnetyczna
2022.0,stymulacja magnetyczna
2022.0,farmakoterapia
2022.0,zaburzenia odżywiania
2022.0,seksuologia
2022.0,transpłciowość
2022.0,transpłciowość
2022.0,ciąża
2022.0,psychiatria dzieci i młodzieży
2022.0,neuropsychiatria
2022.0,neuropsychologia
2022.0,psychiatria dzieci i młodzieży
2022.0,witaminy
2022.0,depresja
2022.0,farmakoterapia
2022.0,żywienie
2022.0,samobójstwo
2022.0,przestępczość
2022.0,joga
2022.0,psychiatria
2022.0,zaburzenia emocji i zachowania
2022.0,psychiatria dzieci i młodzieży
2022.0,psychiatria dzieci i młodzieży
2022.0,farmakoterapia
2022.0,psychiatria dzieci i młodzieży
2022.0,infekcje
2022.0,neuropsychologia
2022.0,farmakoterapia
2022.0,urojenia
2022.0,stres
2022.0,zespół napięcia przedmiesiączkowego
2022.0,farmakoterapia
2022.0,depresja
2022.0,ketamina
2022.0,farmakoterapia
2022.0,etiologia
2022.0,psychiatria dzieci i młodzieży
2022.0,psychiatria dzieci i młodzieży
2022.0,autyzm
2022.0,psychiatria dzieci i młodzieży
2022.0,hiv
2022.0,psychiatria dzieci i młodzieży
2022.0,neuropsychologia
2022.0,psychiatria dzieci i młodzieży
2022.0,autyzm
2022.0,psychiatria dzieci i młodzieży
2022.0,neuromodulacja
2022.0,neuropsychologia
2022.0,diagnostyka
2022.0,psychodeliki
2022.0,dieta
2022.0,farmakoterapia
2022.0,schizofrenia
2022.0,zalecenia
2022.0,leczenie
2022.0,psychiatria dzieci i młodzieży
2022.0,migrena
2022.0,depresja
2022.0,farmakoterapia
2022.0,migrena
2022.0,depresja
2022.0,farmakoterapia
2022.0,schizofrenia
2022.0,psychiatria dzieci i młodzieży
2022.0,farmakoterapia
2022.0,schizofrenia
2022.0,farmakoterapia
2022.0,elektrowstrząsy
2022.0,geriatria
2022.0,neuropsychologia
2022.0,stygmatyzacja
2022.0,urazy mózgu
2022.0,diagnoza
2022.0,neuropsychologia
2022.0,ptsd
2022.0,psychodeliki
2022.0,psychoterapia
2022.0,farmakoterapia
2022.0,schizofrenia
2022.0,schizofrenia
2022.0,adhd
2022.0,psychiatria dzieci i młodzieży
2022.0,psychiatria
2022.0,psychiatria dzieci i młodzieży
2022.0,leczenie
2022.0,zalecenia
2022.0,benzodiazepiny
2022.0,farmakoterapia
2022.0,zdrowie
2022.0,uzależnienia
2022.0,laktacja
2022.0,farmakoterapia
2022.0,farmakoterapia
2022.0,depresja
2022.0,farmakoterapia
2022.0,psychiatria dzieci i młodzieży
2022.0,perfekcjonizm
2022.0,psychiatria dzieci i młodzieży
2022.0,adhd
2022.0,przywiązanie
2022.0,psychiatria dzieci i młodzieży
2022.0,psychologia pozytywna
2022.0,psychiatria dzieci i młodzieży
2022.0,dobrostan
2022.0,samobójstwo
2022.0,samobójstwo
2022.0,psychometria
2022.0,mniejszości seksualne
2022.0,stygmatyzacja
2022.0,stres
2022.0,samoocena
2022.0,neuropsychologia
2022.0,farmakoterapia
2022.0,badania pilotażowe
2022.0,schizofrenia
2022.0,farmakoterapia
2022.0,farmakoterapia
2022.0,schizofrenia
2022.0,młodzież
2022.0,rokowanie
2022.0,psychiatria dzieci i młodzieży
2022.0,schizofrenia
2022.0,młodzież
2022.0,rokowanie
2022.0,psychiatria dzieci i młodzieży
2022.0,przywiązanie
2022.0,depresja
2022.0,alergia
2022.0,depresja
2022.0,seksualność
2022.0,urologia
2022.0,depresja
2022.0,alkoholizm
2022.0,diagnostyka
2022.0,opioidy
2022.0,opioidy
2022.0,opioidy
2022.0,farmakoterapia
2022.0,rozpowszechnienie
2022.0,samobójstwo
2022.0,psychiatria dzieci i młodzieży
2022.0,psychiatria dzieci i młodzieży
2022.0,neuropsychologia
2022.0,neuropsychologia
2022.0,neuropsychologia
2022.0,trauma
2022.0,schizofrenia
2022.0,młodzież
2022.0,rokowanie
2022.0,psychiatria dzieci i młodzieży
2022.0,schizofrenia
2022.0,młodzież
2022.0,rokowanie
2022.0,psychiatria dzieci i młodzieży
2022.0,depresja
2022.0,psychiatria dzieci i młodzieży
2022.0,predyktory
2022.0,psychiatria dzieci i młodzieży
2022.0,bmi
2022.0,śmiertelność
2022.0,depresja
2022.0,samotność
2022.0,wytyczne
2022.0,psychiatria dzieci i młodzieży
2022.0,cukrzyca
2022.0,pedofilia
2022.0,niepłodność
2022.0,hormony
2022.0,depresja
2022.0,depresja
2022.0,stygmatyzacja
2022.0,schizofrenia
2022.0,neuropsychologia
2022.0,śmiertelność
2021.0,psychopatia
2021.0,empatia
2021.0,psychometria
2021.0,mentalizacja
2021.0,samoocena
2021.0,uzależnienia behawioralne
2021.0,trauma
2021.0,trauma
2021.0,geriatria
2021.0,geriatria
2021.0,pamięć
2021.0,neuropsychologia
2021.0,depresja
2021.0,aktywność fizyczna
2021.0,aktywność fizyczna
2021.0,uzależnienia
2021.0,uzależnienia
2021.0,autyzm
2021.0,psychiatria dzieci i młodzieży
2021.0,hiv
2021.0,neuropsychologia
2021.0,psychiatria dzieci i młodzieży
2021.0,autyzm
2021.0,współchorobowość
2021.0,psychiatria dzieci i młodzieży
2021.0,zaburzenia odżywiania
2021.0,neuropsychologia
2021.0,psychometria
2021.0,farmakoterapia
2021.0,farmakoterapia
2021.0,farmakoterapia
2021.0,psychiatria dzieci i młodzieży
2021.0,neurologia
2021.0,psychiatria
2021.0,współchorobowość
2021.0,neuropsychologia
2021.0,afazja
2021.0,farmakoterapia
2021.0,neuropsychologia
2021.0,depresja
2021.0,prewencja
2021.0,neuropsychologia
2021.0,diagnoza
2021.0,anoreksja
2021.0,psychiatria dzieci i młodzieży
2021.0,psychiatria dzieci i młodzieży
2021.0,psychometria
2021.0,psychometria
2021.0,psychiatria dzieci i młodzieży
2021.0,psychiatria dzieci i młodzieży
2021.0,psychopatia
2021.0,radzenie sobie ze stresem
2021.0,psychiatria dzieci i młodzieży
2021.0,medycyna sądowa
2021.0,medycyna sądowa
2021.0,schizofrenia
2021.0,farmakoterapia
2021.0,system opieki zdrowotnej
2021.0,schizofrenia
2021.0,farmakoterapia
2021.0,psychiatria dzieci i młodzieży
2021.0,adhd
2021.0,diagnostyka
2021.0,genetyka
2021.0,autyzm
2021.0,psychiatria dzieci i młodzieży
2021.0,psychiatria dzieci i młodzieży
2021.0,mentalizacja
2021.0,psychiatria dzieci i młodzieży
2021.0,rodzina
2021.0,psychologia pozytywna
2021.0,stygmatyzacja
2021.0,schizofrenia
2021.0,psychiatria
2021.0,niepełnosprawność intelektualna
2021.0,psychiatria dzieci i młodzieży
2021.0,psychosomatyka
2021.0,psychometria
2021.0,psychiatria dzieci i młodzieży
2021.0,edukacja
2021.0,etiopatogeneza
2021.0,stres
2021.0,metabolizm
2021.0,stymulacja nerwu błędnego
2021.0,stymulacja nerwu błędnego
2021.0,neuropsychologia
2021.0,stymulacja magnetyczna
2021.0,neuropsychologia
2021.0,małoletni
2021.0,prawo i psychiatria
2021.0,prawo i psychiatria
2021.0,prawo i psychiatria
2021.0,psychiatria dzieci i młodzieży
2021.0,małoletni
2021.0,prawo i psychiatria
2021.0,prawo i psychiatria
2021.0,psychiatria dzieci i młodzieży
2021.0,diagnostyka
2021.0,alkoholizm
2021.0,otępienie
2021.0,etiologia
2021.0,psychiatria dzieci i młodzieży
2021.0,psychiatria dzieci i młodzieży
2021.0,transpłciowość
2021.0,psychiatria dzieci i młodzieży
2021.0,wytyczne
2021.0,depresja
2021.0,leczenie
2021.0,schizofrenia
2021.0,schizofrenia
2021.0,urojenia
2021.0,halucynacje
2021.0,otępienie
2021.0,hormony
2021.0,neuropsychologia
2021.0,otępienie
2021.0,otępienie
2021.0,wsparcie społeczne
2021.0,depresja
2021.0,transplantacja
2021.0,depresja
2021.0,ortoreksja
2021.0,psychiatria dzieci i młodzieży
2021.0,ortoreksja
2021.0,obsesja
2021.0,medycyna
2021.0,farmakoterapia
2021.0,farmakoterapia
2021.0,zdrowie
2021.0,neuropsychologia
2021.0,depresja
2021.0,depresja
2021.0,farmakoterapia
2021.0,psychiatria dzieci i młodzieży
2021.0,przestępczość
2021.0,przestępczość
2021.0,transpłciowość
2021.0,pedofilia
2021.0,młodzież
2021.0,psychiatria dzieci i młodzieży
2021.0,epidemiologia
2021.0,psychiatria dzieci i młodzieży
2021.0,psychiatria dzieci i młodzieży
2021.0,psychoterapia
2021.0,psychoterapia
2021.0,neuropsychologia
2021.0,stygmatyzacja
2021.0,leczenie
2021.0,psychoterapia
2021.0,emocje
2021.0,psychologia pozytywna
2021.0,wolność
2021.0,farmakoterapia
2021.0,lit
2020.0,farmakoterapia
2020.0,adaptacja
2020.0,neurobiologia
2020.0,farmakoterapia
2020.0,depresja
2020.0,depresja
2020.0,biopierwiastki
2020.0,depresja
2020.0,ojciec
2020.0,samobójstwo
2020.0,stres
2020.0,neuropsychologia
2020.0,kierowcy
2020.0,lekarze
2020.0,uzależnienia
2020.0,psychoanaliza
2020.0,psychoterapia
2020.0,psychoanaliza
2020.0,psychoterapia
2020.0,schizofrenia
2020.0,otyłość
2020.0,otyłość
2020.0,farmakoterapia
2020.0,pielęgniarstwo
2020.0,pandemia
2020.0,psychiatria
2020.0,farmakoterapia
2020.0,neuropsychologia
2020.0,farmakoterapia
2020.0,farmakoterapia
2020.0,psychiatria dzieci i młodzieży
2020.0,młodzież
2020.0,psychiatria dzieci i młodzieży
2020.0,system opieki zdrowotnej
2020.0,żywienie
2020.0,praca
2020.0,psychopatologia
2020.0,psychoza
2020.0,farmakoterapia
2020.0,farmakoterapia
2020.0,depresja
2020.0,używki
2020.0,studenci
2020.0,arteterapia
2020.0,neuropsychologia
2020.0,farmakoterapia
2020.0,psychiatria dzieci i młodzieży
2020.0,eutanazja
2020.0,samobójstwo
2020.0,schizofrenia
2020.0,oftalmologia
2020.0,patogeneza
2020.0,schizofrenia
2020.0,neuropsychologia
2020.0,psychoterapia
2020.0,schizofrenia
2020.0,ciąża
2020.0,schizofrenia
2020.0,leczenie
2020.0,schizofrenia
2020.0,neuropsychologia
2020.0,psychometria
2020.0,autyzm
2020.0,psychiatria dzieci i młodzieży
2020.0,władza
2020.0,płeć kulturowa
2020.0,rodzina
2020.0,dorosłość
2020.0,psychiatria dzieci i młodzieży
2020.0,stygmatyzacja
2020.0,psychoedukacja
2020.0,motywacja
2020.0,psychoterapia
2020.0,farmakoterapia
2020.0,psychiatria
2020.0,schizofrenia
2020.0,otępienie
2020.0,schizofrenia
2020.0,farmakoterapia
2020.0,okulometria
2020.0,okulometria
2020.0,neuropsychologia
2020.0,neurobiologia
2020.0,neuroobrazowanie
2020.0,neuropsychologia
2020.0,depresja
2020.0,stany zapalne
2020.0,depresja
2020.0,mania
2020.0,młodzież
2020.0,psychiatria dzieci i młodzieży
2020.0,wytyczne
2020.0,parafilie
2020.0,autyzm
2020.0,psychiatria dzieci i młodzieży
2020.0,stygmatyzacja
2020.0,depresja
2020.0,psychoterapia
2020.0,depresja
2020.0,neuropsychologia
2020.0,farmakoterapia
2020.0,psychiatria dzieci i młodzieży
2020.0,opioidy
2020.0,depresja
2020.0,depresja
2020.0,neurobiologia
2020.0,neurotransmitery
2020.0,neuropsychologia
2020.0,psychiatria dzieci i młodzieży
2020.0,zaburzenia odżywiania
2020.0,otyłość
2020.0,zaburzenia odżywiania
2020.0,neuropsychologia
2020.0,psychiatria dzieci i młodzieży
2020.0,perfekcjonizm
2020.0,psychiatria dzieci i młodzieży
2020.0,młodzież
2020.0,psychiatria dzieci i młodzieży
2020.0,neuropsychologia
2020.0,statystyka medyczna
2020.0,adhd
2020.0,psychoedukacja
2020.0,psychiatria dzieci i młodzieży
2020.0,mutyzm
2020.0,autyzm
2020.0,psychiatria dzieci i młodzieży
2020.0,benzodiazepiny
2020.0,e-zdrowie
2020.0,narkotyki
2020.0,nastrój
2020.0,diagnoza
2020.0,neuropsychologia
2020.0,neuropsychologia
2020.0,psychodeliki
2020.0,psychodeliki
2020.0,farmakoterapia
2020.0,neuropsychologia
2020.0,farmakoterapia
2020.0,farmakoterapia
2020.0,farmakoterapia
2020.0,adhd
2020.0,leczenie
2020.0,psychiatria dzieci i młodzieży
2020.0,padaczka
2020.0,neuropsychologia
2020.0,depresja
2020.0,psychiatria dzieci i młodzieży
2020.0,psychopatologia
2020.0,samoocena
2020.0,samobójstwo
2020.0,przymus
2020.0,psychometria
2020.0,radzenie sobie ze stresem
2020.0,psychometria
2020.0,mniejszości seksualne
2020.0,mniejszości seksualne
2020.0,małżeństwo
2020.0,neuropsychiatria
2020.0,epigenetyka
2019.0,schizofrenia
2019.0,stygmatyzacja
2019.0,uzależnienia
2019.0,uzależnienia
2019.0,katatonia
2019.0,psychometria
2019.0,schizofrenia
2019.0,rehabilitacja
2019.0,neuropsychologia
2019.0,biomarkery
2019.0,diagnostyka eeg
2019.0,psychometria
2019.0,neuropsychologia
2019.0,schizofrenia
2019.0,biologia komórki
2019.0,schizofrenia
2019.0,system opieki zdrowotnej
2019.0,schizofrenia
2019.0,psychoterapia
2019.0,farmakoterapia
2019.0,samotność
2019.0,psychiatria
2019.0,epigenetyka
2019.0,epigenetyka
2019.0,terapia
2019.0,neuropsychologia
2019.0,farmakoterapia
2019.0,neuropsychiatria
2019.0,neuropsychologia
2019.0,farmakoterapia
2019.0,farmakoterapia
2019.0,farmakoterapia
2019.0,układ krążenia
2019.0,układ krążenia
2019.0,depresja
2019.0,psychometria
2019.0,seksuologia
2019.0,parafilie
2019.0,stres
2019.0,radzenie sobie ze stresem
2019.0,depresja
2019.0,farmakoterapia
2019.0,transport
2019.0,farmakoterapia
2019.0,neuropsychologia
2019.0,farmakoterapia
2019.0,psychiatria dzieci i młodzieży
2019.0,depresja
2019.0,psychiatria dzieci i młodzieży
2019.0,autyzm
2019.0,kobiety
2019.0,kobiety
2019.0,psychiatria dzieci i młodzieży
2019.0,psychiatria dzieci i młodzieży
2019.0,biomarkery
2019.0,neuropsychologia
2019.0,psychiatria dzieci i młodzieży
2019.0,lekooporność
2019.0,neuromodulacja
2019.0,neuropsychologia
2019.0,lekooporność
2019.0,neuropsychologia
2019.0,ocd
2019.0,farmakoterapia
2019.0,psychoterapia
2019.0,farmakoterapia
2019.0,samobójstwo
2019.0,samobójstwo
2019.0,samobójstwo
2019.0,samobójstwo
2019.0,psychoterapia
2019.0,urologia
2019.0,depresja
2019.0,urologia
2019.0,współchorobowość
2019.0,zaburzenia hormonalne
2019.0,neuropsychologia
2019.0,schizofrenia
2019.0,schizofrenia
2019.0,schizofrenia
2019.0,psychometria
2019.0,schizofrenia
2019.0,psychometria
2019.0,psychoza
2019.0,psychoza
2019.0,psychometria
2019.0,schizofrenia
2019.0,depresja
2019.0,schizofrenia
2019.0,witaminy
2019.0,schizofrenia
2019.0,żywienie
2019.0,żywienie
2019.0,infekcje
2019.0,patogeneza
2019.0,diagnostyka
2019.0,neuropsychologia
2019.0,infekcje
2019.0,neuropsychologia
2019.0,objawy
2019.0,tożsamość
2019.0,psychoterapia
2019.0,psychiatria dzieci i młodzieży
2019.0,neuropsychologia
2019.0,teratogenność
2019.0,farmakoterapia
2019.0,depresja
2019.0,ciąża
2019.0,rekomendacje
2019.0,farmakoterapia
2019.0,ciąża
2019.0,nerwica
2019.0,psychopatologia
2019.0,neuropsychologia
2019.0,perfekcjonizm
2019.0,samoocena
2019.0,psychiatria dzieci i młodzieży
2019.0,nastrój
2019.0,psychiatria dzieci i młodzieży
2019.0,psychiatria dzieci i młodzieży
2019.0,samobójstwo
2019.0,prewencja
2019.0,psychiatria dzieci i młodzieży
2019.0,ortoreksja
2019.0,psychiatria dzieci i młodzieży
2019.0,ortoreksja
2019.0,rozpowszechnienie
2019.0,psychiatria dzieci i młodzieży
2019.0,psychiatria dzieci i młodzieży
2019.0,adhd
2019.0,psychiatria dzieci i młodzieży
2019.0,zmysły
2019.0,neuropsychologia
2019.0,zaburzenia percepcji dźwięku
2019.0,zaburzenia percepcji dźwięku
2019.0,neuropsychologia
2019.0,depresja
2019.0,probiotyki
2019.0,mikrobiota
2019.0,farmakoterapia
2019.0,depresja
2019.0,ból
2019.0,neuropsychologia
2019.0,neuropsychologia
2019.0,cyberchondria
2019.0,uzależnienia
2019.0,schizofrenia
2019.0,praca
2019.0,schizofrenia
2019.0,schizofrenia
2019.0,płeć
2019.0,władza
2019.0,neuropsychologia
2019.0,neuropsychologia
2019.0,psychometria
2019.0,neuropsychologia
2019.0,znieczulenie
2019.0,neuropsychologia
2019.0,farmakoterapia
2019.0,zaburzenia obsesyjne
2019.0,neurobiologia
2019.0,neurobiologia
2019.0,neuropsychologia
2019.0,prawo i psychiatria
2019.0,prawo i psychiatria
2019.0,neuropsychologia
2019.0,farmakoterapia
2018.0,farmakoterapia
2018.0,farmakoterapia
2018.0,farmakoterapia
2018.0,psychoza
2018.0,farmakoterapia
2018.0,farmakoterapia
2018.0,farmakoterapia
2018.0,psychiatria dzieci i młodzieży
2018.0,neurobiologia
2018.0,schizofrenia
2018.0,schizofrenia
2018.0,transpłciowość
2018.0,parafilie
2018.0,homoseksualność
2018.0,kobiety
2018.0,seksualność
2018.0,objawy
2018.0,depresja
2018.0,psychopatologia
2018.0,stygmatyzacja
2018.0,przywiązanie
2018.0,uzależnienia
2018.0,neuropsychologia
2018.0,dieta
2018.0,neuropatologia
2018.0,neuropsychologia
2018.0,neuropsychologia
2018.0,neuropsychologia
2018.0,neuropsychologia
2018.0,urologia
2018.0,depresja
2018.0,neuropsychologia
2018.0,neuropsychologia
2018.0,nowotwór
2018.0,samoakceptacja
2018.0,depresja
2018.0,trauma
2018.0,ratownictwo medyczne
2018.0,agresja
2018.0,logika
2018.0,retoryka
2018.0,neuropsychologia
2018.0,diagnostyka
2018.0,autyzm
2018.0,autyzm
2018.0,diagnoza
2018.0,psychiatria dzieci i młodzieży
2018.0,metodologia badań
2018.0,neuropsychologia
2018.0,psychoterapia
2018.0,psychoterapia
2018.0,metodologia badań
2018.0,psychiatria dzieci i młodzieży
2018.0,psychiatria dzieci i młodzieży
2018.0,psychiatria dzieci i młodzieży
2018.0,psychiatria dzieci i młodzieży
2018.0,samobójstwo
2018.0,psychiatria dzieci i młodzieży
2018.0,ocd
2018.0,farmakoterapia
2018.0,farmakoterapia
2018.0,psychoterapia
2018.0,psychoterapia
2018.0,psychoterapia
2018.0,psychoterapia
2018.0,neuropsychologia
2018.0,neuropsychologia
2018.0,układ krążenia
2018.0,układ krążenia
2018.0,farmakoterapia
2018.0,emocje
2018.0,biopierwiastki
2018.0,biopierwiastki
2018.0,biomarkery
2018.0,neuropsychologia
2018.0,farmakoterapia
2018.0,trauma
2018.0,uzależnienia
2018.0,trauma
2018.0,trauma
2018.0,trauma
2018.0,ptsd
2018.0,radzenie sobie ze stresem
2018.0,immunologia
2018.0,immunologia
2018.0,neuropsychologia
2018.0,radzenie sobie ze stresem
2018.0,przestępczość
2018.0,straż pożarna
2018.0,stres
2018.0,ptsd
2018.0,ptsd
2018.0,depresja
2018.0,psychopatologia
2018.0,schizofrenia
2018.0,patogeneza
2018.0,schizofrenia
2018.0,schizofrenia
2018.0,zdrowienie
2018.0,schizofrenia
2018.0,neuropsychologia
2018.0,schizofrenia
2018.0,neuropsychologia
2018.0,schizofrenia
2018.0,stygmatyzacja
2018.0,schizofrenia
2018.0,uzależnienia
2018.0,stymulanty
2018.0,schizofrenia
2018.0,rodzina
2018.0,adhd
2018.0,neuropsychologia
2018.0,adhd
2018.0,otyłość
2018.0,otyłość
2018.0,psychiatria dzieci i młodzieży
2018.0,autyzm
2018.0,psychiatria dzieci i młodzieży
2018.0,psychiatria dzieci i młodzieży
2018.0,rozpowszechnienie
2018.0,psychiatria dzieci i młodzieży
2018.0,fizjoterapia
2018.0,psychiatria dzieci i młodzieży
2018.0,autyzm
2018.0,psychiatria dzieci i młodzieży
2018.0,psychiatria dzieci i młodzieży
2018.0,psychiatria dzieci i młodzieży
2018.0,psychiatria dzieci i młodzieży
2018.0,uzależnienia
2018.0,psychometria
2018.0,psychiatria
2018.0,neuropsychologia
2018.0,ryzyko
2018.0,samobójstwo
2018.0,predyktory
2018.0,samobójstwo
2018.0,płeć
2018.0,neuropsychologia
2018.0,psychopatia
2018.0,psychoza
2018.0,tożsamość
2018.0,psychiatria
2018.0,zaburzenia obsesyjne
2018.0,stygmatyzacja
2018.0,psychoterapia
2018.0,adaptacja
2018.0,psychiatria dzieci i młodzieży
2018.0,neuropsychologia
2018.0,etyka badań
2017.0,farmakoterapia
2017.0,farmakoterapia
2017.0,psychiatria dzieci i młodzieży
2017.0,depresja
2017.0,farmakoterapia
2017.0,znieczulenie
2017.0,elektrowstrząsy
2017.0,farmakoterapia
2017.0,farmakoterapia
2017.0,farmakoterapia
2017.0,farmakoterapia
2017.0,neuromodulacja
2017.0,neuropsychologia
2017.0,depresja
2017.0,schizofrenia
2017.0,ortoreksja
2017.0,dieta
2017.0,łuszczyca
2017.0,depresja
2017.0,łuszczyca
2017.0,psychoterapia
2017.0,emocje
2017.0,neurobiologia
2017.0,psychoanaliza
2017.0,neuropsychologia
2017.0,psychoterapia
2017.0,konferencja
2017.0,psychiatria
2017.0,neuropsychologia
2017.0,fizjologia
2017.0,farmakoterapia
2017.0,diagnoza
2017.0,leczenie
2017.0,farmakoterapia
2017.0,funkcjonowanie
2017.0,bezsenność
2017.0,epidemiologia
2017.0,bezsenność
2017.0,neurobiologia
2017.0,diagnostyka
2017.0,mikrobiota
2017.0,mikrobiota
2017.0,probiotyki
2017.0,połóg
2017.0,depresja
2017.0,genetyka
2017.0,samoocena
2017.0,seksuologia
2017.0,depresja
2017.0,farmakoterapia
2017.0,neuropsychologia
2017.0,urologia
2017.0,zespół chorobowy
2017.0,specjaliści zdrowia psychicznego
2017.0,psychiatria
2017.0,neuropsychologia
2017.0,finansowanie
2017.0,psychopatologia
2017.0,trauma
2017.0,psychoterapia
2017.0,psychoterapia
2017.0,psychoterapia
2017.0,pamięć
2017.0,neuropsychologia
2017.0,neurobiologia
2017.0,językoznawstwo
2017.0,neuropsychologia
2017.0,schizofrenia
2017.0,neuropsychologia
2017.0,neuroobrazowanie
2017.0,neuropsychologia
2017.0,depresja
2017.0,neuropsychologia
2017.0,empatia
2017.0,diagnoza
2017.0,psychometria
2017.0,schizofrenia
2017.0,neuroobrazowanie
2017.0,neuropsychologia
2017.0,psychiatria dzieci i młodzieży
2017.0,psychoterapia
2017.0,psychoanaliza
2017.0,neuropsychologia
2017.0,neuropsychologia
2017.0,definicja
2017.0,neuropsychologia
2017.0,agresja
2017.0,agresja
2017.0,neuropsychologia
2017.0,współchorobowość
2017.0,depresja
2017.0,depresja
2017.0,farmakoterapia
2017.0,depresja
2017.0,farmakoterapia
2017.0,biomarkery
2017.0,biopierwiastki
2017.0,farmakoterapia
2017.0,depresja
2017.0,depresja
2017.0,depresja
2017.0,stygmatyzacja
2017.0,studenci
2017.0,depresja
2017.0,stygmatyzacja
2017.0,stygmatyzacja
2017.0,samobójstwo
2017.0,samobójstwo
2017.0,samobójstwo
2017.0,samobójstwo
2017.0,psychoterapia
2017.0,kobiety
2017.0,stan psychiczny
2017.0,stan psychiczny
2017.0,psychoanaliza
2017.0,psychoterapia
2017.0,psychoanaliza
2017.0,psychoterapia
2017.0,klasyfikacja
2017.0,zaburzenia psychiczne
2017.0,neuropsychologia
2017.0,genetyka
2017.0,farmakoterapia
2017.0,farmakoterapia
2017.0,przebieg choroby
2017.0,śmiertelność
2017.0,psychiatria dzieci i młodzieży
2017.0,zaburzenia odżywiania
2017.0,osteoporoza
2017.0,osteoporoza
2017.0,zaburzenia odżywiania
2017.0,uzależnienia
2017.0,otyłość
2017.0,schizofrenia
2017.0,współchorobowość
2017.0,psychoza
2017.0,psychiatria dzieci i młodzieży
2017.0,schizofrenia
2017.0,psychiatria dzieci i młodzieży
2017.0,dysocjacja
2017.0,depresja
2017.0,psychiatria dzieci i młodzieży
2017.0,dysocjacja
2017.0,depresja
2017.0,psychiatria dzieci i młodzieży
2017.0,samouszkodzenia
2017.0,psychiatria dzieci i młodzieży
2017.0,psychiatria dzieci i młodzieży
2017.0,psychiatria dzieci i młodzieży
2017.0,autyzm
2017.0,psychiatria dzieci i młodzieży
2017.0,autyzm
2017.0,biochemia
2017.0,młodzież
2017.0,psychiatria dzieci i młodzieży
2017.0,psychiatria
2017.0,neuropsychologia
2017.0,farmakoterapia
2017.0,tolerancja leku
2017.0,farmakoterapia
2017.0,psychoza
2017.0,elektrowstrząsy
2017.0,neuropsychologia
2017.0,farmakoterapia
2017.0,stygmatyzacja
2017.0,schizofrenia
2017.0,agresja
2017.0,depresja
2017.0,homoseksualność
2017.0,homoseksualność
2017.0,psychometria
2017.0,psychometria
2017.0,seksuologia
2017.0,neuropsychologia
2017.0,uzależnienia
2017.0,uzależnienia
2017.0,lecznictwo otwarte
2017.0,schizofrenia
2017.0,depresja
2017.0,biomarkery
2017.0,samoocena
2017.0,psychologia
2016.0,samobójstwo
2016.0,psychiatria dzieci i młodzieży
2016.0,depresja
2016.0,psychometria
2016.0,depresja
2016.0,układ krążenia
2016.0,depresja
2016.0,schizofrenia
2016.0,psychopatologia
2016.0,neuropsychologia
2016.0,radzenie sobie ze stresem
2016.0,neuropsychologia
2016.0,genetyka
2016.0,neuropsychologia
2016.0,ptsd
2016.0,trauma
2016.0,neuropsychologia
2016.0,ptsd
2016.0,rozpowszechnienie
2016.0,trauma
2016.0,ptsd
2016.0,trauma
2016.0,historia medycyny
2016.0,ptsd
2016.0,ptsd
2016.0,trauma
2016.0,depresja
2016.0,psychiatria dzieci i młodzieży
2016.0,uzależnienia
2016.0,psychiatria dzieci i młodzieży
2016.0,psychiatria dzieci i młodzieży
2016.0,agresja
2016.0,neuropsychologia
2016.0,relacja lekarz-pacjent
2016.0,elektrowstrząsy
2016.0,depresja
2016.0,depresja
2016.0,depresja
2016.0,psychometria
2016.0,psychometria
2016.0,neuropsychologia
2016.0,psychiatria dzieci i młodzieży
2016.0,pedofilia
2016.0,psychoonkologia
2016.0,nowotwór
2016.0,nowotwór
2016.0,onkologia
2016.0,psychiatria
2016.0,psychiatria dzieci i młodzieży
2016.0,leczenie
2016.0,otępienie
2016.0,otępienie
2016.0,neuropsychologia
2016.0,schizofrenia
2016.0,etapowanie choroby
2016.0,etapowanie choroby
2016.0,schizofrenia
2016.0,schizofrenia
2016.0,schizofrenia
2016.0,schizofrenia
2016.0,genetyka
2016.0,schizofrenia
2016.0,schizofrenia
2016.0,schizofrenia
2016.0,metodologia badań
2016.0,depresja
2016.0,neuroobrazowanie
2016.0,psychiatria dzieci i młodzieży
2016.0,depresja
2016.0,rodzina
2016.0,zdrowienie
2016.0,biomarkery
2016.0,system opieki zdrowotnej
2016.0,psychiatria dzieci i młodzieży
2016.0,prawo i psychiatria
2016.0,przestępczość
2016.0,osteoporoza
2016.0,psychiatria dzieci i młodzieży
2016.0,psychiatria dzieci i młodzieży
2016.0,psychiatria dzieci i młodzieży
2016.0,genetyka
2016.0,autyzm
2016.0,etiopatogeneza
2016.0,psychiatria dzieci i młodzieży
2016.0,psychiatria dzieci i młodzieży
2016.0,bezsenność
2016.0,psychiatria dzieci i młodzieży
2016.0,zaburzenia snu
2016.0,dziecko
2016.0,psychiatria dzieci i młodzieży
2016.0,psychiatria dzieci i młodzieży
2016.0,psychiatria dzieci i młodzieży
2016.0,psychiatria dzieci i młodzieży
2016.0,psychoterapia rodzin
2016.0,psychiatria dzieci i młodzieży
2016.0,psychiatria dzieci i młodzieży
2016.0,psychiatria dzieci i młodzieży
2016.0,depresja
2016.0,otępienie
2016.0,psychoza
2016.0,neuropsychologia
2016.0,psychoza
2016.0,neuropsychologia
2016.0,farmakoterapia
2016.0,neuropsychologia
2016.0,farmakoterapia
2016.0,psychoterapia
2016.0,otyłość
2016.0,neuropsychologia
2016.0,depresja
2016.0,farmakoterapia
2016.0,urologia
2016.0,depresja
2016.0,psychiatria
2016.0,psychiatria społeczna
2016.0,neuropsychologia
2016.0,prawo i psychiatria
2016.0,prawo i psychiatria
2016.0,psychiatria dzieci i młodzieży
2016.0,agresja
2016.0,psychiatria dzieci i młodzieży
2016.0,samouszkodzenia
2016.0,psychiatria dzieci i młodzieży
2016.0,rodzina
2016.0,samouszkodzenia
2016.0,psychiatria dzieci i młodzieży
2016.0,psychiatria dzieci i młodzieży
2016.0,psychopatologia
2016.0,manipulacja
2016.0,psychopatologia
2016.0,dysocjacja
2016.0,dysocjacja
2016.0,dysocjacja
2016.0,temperament
2016.0,agresja
2016.0,psychoterapia
2016.0,zaburzenia obsesyjne
2016.0,wytyczne
2016.0,zaburzenia obsesyjne
2016.0,zaburzenia obsesyjne
2016.0,psychiatria dzieci i młodzieży
2016.0,uzależnienia
2016.0,bezsenność
2016.0,epidemiologia
2016.0,seksualność
2016.0,seksualność
2016.0,nerwica
2016.0,psychoanaliza
2016.0,psychoterapia
2016.0,eugenika
2016.0,ptsd
2016.0,schizofrenia
2016.0,rodzina
2015.0,schizofrenia
2015.0,śmiertelność
2015.0,epidemiologia
2015.0,schizofrenia
2015.0,biomarkery
2015.0,biomarkery
2015.0,farmakoterapia
2015.0,schizofrenia
2015.0,mimika
2015.0,objawy
2015.0,uwaga
2015.0,psychologia poznawcza
2015.0,psychoterapia
2015.0,schizofrenia
2015.0,urojenia
2015.0,psychoza
2015.0,psychometria
2015.0,depresja
2015.0,farmakoterapia
2015.0,farmakoterapia
2015.0,elektrowstrząsy
2015.0,farmakoterapia
2015.0,ketamina
2015.0,elektrowstrząsy
2015.0,depresja
2015.0,farmakoterapia
2015.0,biopierwiastki
2015.0,depresja
2015.0,biomarkery
2015.0,neuropsychologia
2015.0,biopierwiastki
2015.0,depresja
2015.0,biomarkery
2015.0,farmakoterapia
2015.0,obciążenie opiekunów
2015.0,małżeństwo
2015.0,samobójstwo
2015.0,psychoterapia
2015.0,samobójstwo
2015.0,psychoterapia
2015.0,samobójstwo
2015.0,majaczenie
2015.0,powikłanie
2015.0,farmakoterapia
2015.0,psychoterapia
2015.0,psychoterapia
2015.0,neuropsychologia
2015.0,farmakoterapia
2015.0,schizofrenia
2015.0,depresja
2015.0,neuropsychologia
2015.0,neuropsychologia
2015.0,depresja
2015.0,farmakoterapia
2015.0,neuropsychologia
2015.0,potrzeby
2015.0,depresja
2015.0,psychiatria dzieci i młodzieży
2015.0,niepłodność
2015.0,otyłość
2015.0,uwaga
2015.0,pamięć
2015.0,otyłość
2015.0,depresja
2015.0,cukrzyca
2015.0,psychiatria dzieci i młodzieży
2015.0,cukrzyca
2015.0,psychiatria dzieci i młodzieży
2015.0,psychoterapia
2015.0,psychiatria dzieci i młodzieży
2015.0,psychometria
2015.0,psychometria
2015.0,psychiatria dzieci i młodzieży
2015.0,ptsd
2015.0,psychometria
2015.0,psychometria
2015.0,ciąża
2015.0,ciąża
2015.0,farmakoterapia
2015.0,neurobiologia
2015.0,neuropsychologia
2015.0,klasyfikacja
2015.0,depresja
2015.0,hormony
2015.0,farmakoterapia
2015.0,depresja
2015.0,neuropsychologia
2015.0,temperament
2015.0,biomarkery
2015.0,ptsd
2015.0,biochemia
2015.0,psychiatria dzieci i młodzieży
2015.0,diagnostyka
2015.0,psychiatria dzieci i młodzieży
2015.0,psychiatria dzieci i młodzieży
2015.0,psychologia rozwojowa
2015.0,psychiatria dzieci i młodzieży
2015.0,psychiatria dzieci i młodzieży
2015.0,diagnoza
2015.0,psychiatria dzieci i młodzieży
2015.0,psychiatria dzieci i młodzieży
2015.0,psychiatria dzieci i młodzieży
2015.0,depresja
2015.0,neuropsychologia
2015.0,depresja
2015.0,neuromodulacja
2015.0,neuropsychologia
2015.0,ból
2015.0,rehabilitacja
2015.0,fibromialgia
2015.0,ptsd
2015.0,psychosomatyka
2015.0,muzykoterapia
2015.0,neuropsychologia
2015.0,psychoterapia
2015.0,samobójstwo
2015.0,konferencja
2015.0,farmakoterapia
2015.0,system opieki zdrowotnej
2015.0,psychiatria
2015.0,terapia światłem
2015.0,depresja
2015.0,depresja
2015.0,farmakoterapia
2015.0,depresja
2015.0,depresja
2015.0,psychiatria dzieci i młodzieży
2015.0,samobójstwo
2015.0,psychiatria dzieci i młodzieży
2015.0,samobójstwo
2015.0,psychoterapia
2015.0,samouszkodzenia
2015.0,depresja
2015.0,samobójstwo
2015.0,samobójstwo
2015.0,psychiatria dzieci i młodzieży
2015.0,homoseksualność
2015.0,samoocena
2015.0,tatuaż
2015.0,psychiatria dzieci i młodzieży
2015.0,narracja
2015.0,psychoterapia
2015.0,homoseksualność
2015.0,psychoterapia
2015.0,menopauza
2015.0,menopauza
2015.0,pary
2015.0,samobójstwo
2015.0,samobójstwo
2015.0,neuropsychologia
2015.0,psychiatra
2015.0,schizofrenia
2015.0,przebieg choroby
2015.0,psychiatria
2015.0,neuropsychologia
2015.0,farmakoterapia
2015.0,alkoholizm
2015.0,farmakoterapia
2015.0,schizofrenia
2015.0,farmakoterapia
2015.0,farmakoterapia
2015.0,schizofrenia
2015.0,farmakoterapia
2015.0,depresja
2015.0,neuropsychologia
2015.0,farmakoterapia
2015.0,uzależnienia
2015.0,psychiatria dzieci i młodzieży
2015.0,uzależnienia
2015.0,leczenie
2015.0,patofizjologia
2015.0,farmakoterapia
2015.0,uzależnienia
2015.0,neuropsychologia
2015.0,neuropsychologia
2015.0,stres
2015.0,schizofrenia
2015.0,neuropsychologia
2015.0,schizofrenia
2015.0,schizofrenia
2015.0,neuroobrazowanie
2015.0,psychiatria dzieci i młodzieży
2015.0,hormony
2015.0,schizofrenia
2015.0,farmakoterapia
2015.0,psychiatra
2015.0,zdrowienie
2015.0,schizofrenia
2015.0,deinstytucjonalizacja
2015.0,system opieki zdrowotnej
2015.0,antypsychiatria
2015.0,deinstytucjonalizacja
2015.0,system opieki zdrowotnej
2015.0,system opieki zdrowotnej
2015.0,psychometria
2015.0,psychoterapia
2015.0,ciąża
2015.0,psychoterapia
2015.0,schizofrenia
2015.0,farmakoterapia
2015.0,farmakoterapia
2015.0,uzależnienia
2015.0,uzależnienia
2015.0,walidacja
2015.0,psychometria
2015.0,psychologia
2015.0,ortoreksja
2015.0,psychiatria dzieci i młodzieży
2015.0,psychometria
2015.0,psychiatria dzieci i młodzieży
2015.0,emocje
2015.0,psychometria
2015.0,psychometria
2015.0,diagnoza
2015.0,ptsd
2015.0,diagnostyka
2015.0,neuropsychologia
2015.0,neuropsychologia
2015.0,narracja
2015.0,biologia komórki
2015.0,schizofrenia
2014.0,remisja
2014.0,neuropsychologia
2014.0,depresja
2014.0,farmakoterapia
2014.0,farmakoterapia
2014.0,neurobiologia
2014.0,neuropsychologia
2014.0,depresja
2014.0,farmakoterapia
2014.0,neurobiologia
2014.0,neuropsychologia
2014.0,schizofrenia
2014.0,farmakoterapia
2014.0,farmakoterapia
2014.0,schizofrenia
2014.0,neuropsychologia
2014.0,schizofrenia
2014.0,neuropsychologia
2014.0,psychometria
2014.0,stygmatyzacja
2014.0,zdrowienie
2014.0,schizofrenia
2014.0,specjaliści zdrowia psychicznego
2014.0,relacje
2014.0,narracja
2014.0,schizofrenia
2014.0,psychoedukacja
2014.0,współchorobowość
2014.0,samobójstwo
2014.0,zalecenia
2014.0,elektrowstrząsy
2014.0,standardy
2014.0,ciąża
2014.0,teratogenność
2014.0,farmakoterapia
2014.0,niepłodność
2014.0,psychoza
2014.0,farmakoterapia
2014.0,farmakoterapia
2014.0,schizofrenia
2014.0,farmakoterapia
2014.0,cukrzyca
2014.0,depresja
2014.0,radzenie sobie ze stresem
2014.0,leczenie nerkozastępcze
2014.0,leczenie nerkozastępcze
2014.0,depresja
2014.0,układ krążenia
2014.0,farmakoterapia
2014.0,zaburzenia rzadkie
2014.0,depresja
2014.0,neuropsychologia
2014.0,astma
2014.0,psychopatologia
2014.0,adhd
2014.0,psychiatria dzieci i młodzieży
2014.0,diagnoza
2014.0,epidemiologia
2014.0,autyzm
2014.0,psychiatria dzieci i młodzieży
2014.0,autyzm
2014.0,psychiatria dzieci i młodzieży
2014.0,genetyka
2014.0,diagnostyka
2014.0,psychiatria dzieci i młodzieży
2014.0,autyzm
2014.0,zaburzenia hormonalne
2014.0,farmakoterapia
2014.0,homoseksualność
2014.0,rodzicielstwo
2014.0,specjaliści zdrowia psychicznego
2014.0,psychiatria
2014.0,psychiatria dzieci i młodzieży
2014.0,psychologia płci
2014.0,depresja
2014.0,psychiatria dzieci i młodzieży
2014.0,anoreksja
2014.0,psychiatria dzieci i młodzieży
2014.0,samobójstwo
2014.0,tiki
2014.0,neuropsychologia
2014.0,farmakologia
2014.0,farmakoterapia
2014.0,farmakoterapia
2014.0,ocd
2014.0,anoreksja
2014.0,psychiatria dzieci i młodzieży
2014.0,anoreksja
2014.0,anoreksja
2014.0,psychiatria dzieci i młodzieży
2014.0,psychiatria dzieci i młodzieży
2014.0,otyłość
2014.0,etyka
2014.0,schizofrenia
2014.0,psychiatria dzieci i młodzieży
2014.0,psychiatria dzieci i młodzieży
2014.0,adhd
2014.0,psychiatria dzieci i młodzieży
2014.0,kobiety
2014.0,rodzina
2014.0,rodzina
2014.0,psychologia pozytywna
2014.0,psychiatria dzieci i młodzieży
2014.0,psychiatria
2014.0,psychiatria dzieci i młodzieży
2014.0,ptsd
2014.0,emocje
2014.0,neurobiologia
2014.0,psychometria
2014.0,schizofrenia
2014.0,emocje
2014.0,neurobiologia
2014.0,neuropsychologia
2014.0,schizofrenia
2014.0,neuropsychologia
2014.0,psychologia poznawcza
2014.0,neuropsychologia
2014.0,depresja
2014.0,agresja
2014.0,neuropsychologia
2014.0,neuropsychologia
2014.0,neuropsychologia
2014.0,psychometria
2014.0,psychopatologia
2014.0,młodzież
2014.0,schizofrenia
2014.0,neurobiologia
2014.0,schizofrenia
2014.0,pedofilia
2014.0,przestępczość
2014.0,przestępczość
2014.0,depresja
2014.0,ciąża
2014.0,katatonia
2014.0,prawo i psychiatria
2014.0,historia psychiatrii
2014.0,urojenia
2014.0,ptsd
2014.0,trauma
2014.0,stres
2013.0,neuroanatomia
2013.0,neurotransmitery
2013.0,seksuologia
2013.0,seksuologia
2013.0,seksuologia
2013.0,psychodeliki
2013.0,młodzież
2013.0,przywiązanie
2013.0,psychologia rozwojowa
2013.0,stres
2013.0,autoagresja
2013.0,zaburzenia odżywiania
2013.0,neurobiologia
2013.0,neurobiologia
2013.0,neurobiologia
2013.0,otyłość
2013.0,farmakoterapia
2013.0,farmakoterapia
2013.0,diagnostyka laboratoryjna
2013.0,diagnostyka laboratoryjna
2013.0,diagnostyka laboratoryjna
2013.0,schizofrenia
2013.0,planowanie
2013.0,schizofrenia
2013.0,schizofrenia
2013.0,zdrowienie
2013.0,rokowanie
2013.0,biochemia
2013.0,biochemia
2013.0,schizofrenia
2013.0,schizofrenia
2013.0,neurotransmitery
2013.0,psychoterapia
2013.0,psychoterapia
2013.0,psychoterapia
2013.0,psychoterapia
2013.0,depresja
2013.0,depresja
2013.0,psychopatologia
2013.0,fobie
2013.0,fobie
2013.0,psychometria
2013.0,psychometria
2013.0,psychiatria
2013.0,psychometria
2013.0,psychometria
2013.0,ssri
2013.0,ssri
2013.0,farmakoterapia
2013.0,farmakologia
2013.0,psychometria
2013.0,depresja
2013.0,samoocena
2013.0,trauma
2013.0,nerwica
2013.0,etiopatogeneza
2013.0,zmęczenie
2013.0,depresja
2013.0,hiv
2013.0,dziecko
2013.0,hiv
2013.0,psychometria
2013.0,świadomość
2013.0,metodologia badań
2013.0,neuroobrazowanie
2013.0,interakcje lekowe
2013.0,rośliny lecznicze
2013.0,leki
2013.0,botanika
2013.0,depresja
2013.0,psychiatria
2013.0,komunikacja
2013.0,przestępczość
2013.0,małżeństwo
2013.0,nieśmiałość
2013.0,neurotransmitery
2013.0,temperament
2013.0,genetyka
2013.0,genetyka
2013.0,schizofrenia
2013.0,neuropsychologia
2013.0,schizofrenia
2013.0,subiektywna ocena choroby
2013.0,stres
2013.0,depresja
2013.0,ssri
2013.0,adhd
2013.0,samoocena
2013.0,adhd
2013.0,dorośli
2013.0,dziecko
2013.0,neuroanatomia
2013.0,alkoholizm
2013.0,impulsywność
2013.0,uzależnienia
2013.0,neuropsychologia
2013.0,połóg
2013.0,depresja
2013.0,depresja
2013.0,osobowość
2013.0,depresja
2013.0,neuroobrazowanie
2013.0,psychologia
2013.0,depresja
2013.0,adhd
2013.0,nadwaga
2013.0,otyłość
2013.0,agresja
2013.0,hormony
2013.0,neurotransmitery
2013.0,impulsywność
2013.0,farmakoterapia
2013.0,farmakoterapia
2013.0,farmakoterapia
2013.0,uzależnienia
2013.0,samobójstwo
2013.0,pacjent
2013.0,otępienie
2013.0,emocje
2013.0,schizofrenia
2013.0,narracja
2013.0,schizofrenia
2013.0,schizofrenia
2013.0,schizofrenia
2012.0,farmakoterapia
2012.0,schizofrenia
2012.0,specjaliści zdrowia psychicznego
2012.0,edukacja
2012.0,współpraca
2012.0,humor
2012.0,depresja
2012.0,współchorobowość
2012.0,neurobiologia
2012.0,neurobiologia
2012.0,schizofrenia
2012.0,depresja
2012.0,autyzm
2012.0,etiologia
2012.0,neuroobrazowanie
2012.0,etiologia
2012.0,neuroobrazowanie
2012.0,schizofrenia
2012.0,schizofrenia
2012.0,komunikacja
2012.0,neuropsychiatria
2012.0,hormony
2012.0,hormony
2012.0,kardiologia
2012.0,neuropsychologia
2012.0,obserwacja
2012.0,seksualność
2012.0,transpłciowość
2012.0,psychometria
2012.0,studenci
2012.0,homoseksualność
2012.0,aktywność fizyczna
2012.0,uzależnienia
2012.0,kryteria diagnostyczne
2012.0,mechanizmy
2012.0,metodologia badań
2012.0,metodologia badań
2012.0,metodologia badań
2012.0,psychoterapia
2012.0,padaczka
2012.0,depresja
2012.0,depresja
2012.0,patogeneza
2012.0,diagnoza
2012.0,młodzież
2012.0,neurobiologia
2012.0,schizofrenia
2012.0,schizofrenia
2012.0,czynniki ryzyka
2012.0,depresja
2012.0,leczenie
2012.0,biomarkery
2012.0,mania
2012.0,depresja
2012.0,etapowanie choroby
2012.0,neurobiologia
2012.0,lit
2012.0,nerki
2012.0,powikłania leczenia
2012.0,homoseksualność
2012.0,mniejszości seksualne
2012.0,homoseksualność
2012.0,schizofrenia
2012.0,współchorobowość
2012.0,zaburzenia pozorowane
2012.0,badania naukowe
2012.0,badania naukowe
2012.0,bezpieczeństwo leczenia
2012.0,skuteczność leczenia
2012.0,agresja
2012.0,otępienie
2012.0,farmakoterapia
2012.0,abstynencja
2012.0,alkoholizm
2012.0,leczenie
2012.0,abstynencja
2012.0,prawo i etyka
2012.0,akceptacja
2012.0,emocje
2012.0,emocje
2012.0,schizofrenia
2012.0,psychoterapia
2012.0,etyka
2012.0,ortoreksja
2012.0,psychopatologia
2012.0,etniczność
2012.0,neuropsychologia
2012.0,ptsd
2012.0,wina
2012.0,hospitalizacja
2012.0,schizofrenia
2012.0,zasoby osobiste
2012.0,psychologia pozytywna
2012.0,młodzież
2012.0,bulimia
2012.0,kultura
2012.0,zaburzenia odżywiania
2012.0,badania katamnestyczne
2012.0,psychopatologia
2012.0,przedszkolaki
2012.0,badania przesiewowe
2012.0,relacja terapeutyczna
2012.0,diagnoza
2012.0,schizofrenia
2012.0,ketamina
2012.0,terapia
2012.0,sieroty
2012.0,sieroty
2012.0,psychoterapia
2012.0,opętanie
2012.0,seksualność
2012.0,depresja
2012.0,samobójstwo
2012.0,kobiecość
2012.0,farmakoterapia
2012.0,depresja
2012.0,nowotwór
2012.0,ryzyko psychozy
2012.0,psychoza
2012.0,psychoza
2012.0,psychometria
2012.0,medycyna oparta na faktach
2012.0,psychiatria
2012.0,schizofrenia
2012.0,genetyka
2012.0,farmakogenetyka
2012.0,schizofrenia
2012.0,neurotransmitery
2012.0,schizofrenia
2011.0,depresja
2011.0,hormony
2011.0,hormony
2011.0,metabolizm
2011.0,depresja
2011.0,depresja
2011.0,funkcje poznawcze
2011.0,neuroobrazowanie
2011.0,farmakoterapia
2011.0,farmakoterapia
2011.0,powikłania leczenia
2011.0,metabolizm
2011.0,rodzina
2011.0,schizofrenia
2011.0,samoocena
2011.0,dorosłe dzieci alkoholików
2011.0,zaburzenia emocji i zachowania
2011.0,przywiązanie
2011.0,zaburzenia emocji i zachowania
2011.0,przywiązanie
2011.0,agresja
2011.0,toksykologia
2011.0,schizofrenia
2011.0,psychoterapia
2011.0,tiki
2011.0,schizofrenia
2011.0,objawy choroby
2011.0,astma
2011.0,depresja
2011.0,współchorobowość
2011.0,astma
2011.0,psychosomatyka
2011.0,depresja
2011.0,płeć kulturowa
2011.0,psychometria
2011.0,psychometria
2011.0,udar mózgu
2011.0,depresja
2011.0,badania przesiewowe
2011.0,diagnostyka
2011.0,halucynacje
2011.0,psychometria
2011.0,psychologia
2011.0,psychometria
2011.0,depresja
2011.0,neurobiologia
2011.0,samobójstwo
2011.0,dysocjacja
2011.0,depresja
2011.0,farmakoterapia
2011.0,farmakoterapia
2011.0,trazodon
2011.0,schizofrenia
2011.0,genetyka
2011.0,alkoholizm
2011.0,psychometria
2011.0,genetyka
2011.0,neurotransmitery
2011.0,planowanie
2011.0,adhd
2011.0,leczenie
2011.0,schizofrenia
2011.0,diagnostyka
2011.0,otępienie
2011.0,psychoza
2011.0,narkotyki
2011.0,schizofrenia
2011.0,uzależnienia
2011.0,astma
2011.0,depresja
2011.0,płeć kulturowa
2011.0,bezsenność
2011.0,diagnoza
2011.0,walidacja
2011.0,depresja
2011.0,geriatria
2011.0,psychometria
2011.0,psychodrama
2011.0,anoreksja
2011.0,historia medycyny
2011.0,halucynacje
2011.0,astma
2011.0,depresja
2011.0,płeć kulturowa
2011.0,terminologia
2011.0,praca
2011.0,mania
2011.0,narkotyki
2011.0,uzależnienia
2011.0,agresja
2011.0,neuromodulacja
2011.0,depresja
2011.0,placebo
2011.0,metodologia badań
2011.0,depresja
2011.0,placebo
2011.0,metodologia badań
2011.0,choroba afektywna dwubiegunowa
2011.0,astma
2011.0,depresja
2011.0,płeć kulturowa
2011.0,trauma
2011.0,psychologia
2010.0,psychopatologia
2010.0,proces uczenia się
2010.0,samoocena
2010.0,psychiatria dzieci i młodzieży
2010.0,elektrowstrząsy
2010.0,neuromodulacja
2010.0,neuromodulacja
2010.0,farmakoterapia
2010.0,depresja
2010.0,depresja
2010.0,farmakoterapia
2010.0,neuropsychologia
2010.0,farmakoterapia
2010.0,skuteczność leczenia
2010.0,tolerancja leku
2010.0,hipochondria
2010.0,psychometria
2010.0,diagnostyka
2010.0,schizofrenia
2010.0,schizofrenia
2010.0,psychometria
2010.0,współchorobowość
2010.0,przywiązanie
2010.0,psychoterapia
2010.0,zaburzenia odżywiania
2010.0,społeczności internetowe
2010.0,mowa
2010.0,diagnoza
2010.0,schizofrenia
2010.0,urojenia
2010.0,małżeństwo
2010.0,warunki życia
2010.0,przyczyny choroby
2010.0,zmiany społeczne
2010.0,neuromodulacja
2010.0,depresja
2010.0,terapia
2010.0,diagnostyka
2010.0,depresja
2010.0,kobiety
2010.0,astma
2010.0,depresja
2010.0,płeć kulturowa
2010.0,trauma
2010.0,depresja
2010.0,epidemiologia
2010.0,uzależnienia
2010.0,urojenia
2010.0,terapia
2010.0,neuromodulacja
2010.0,depresja
2010.0,depresja
2010.0,psychometria
2010.0,płeć kulturowa
2010.0,samobójstwo
2010.0,depresja
2010.0,neuropsychologia
2010.0,schizofrenia
2010.0,psychoza
2010.0,schizofrenia
2010.0,neurotransmitery
2010.0,neurotransmitery
2010.0,schizofrenia
2010.0,genetyka
2010.0,neurotransmitery
2010.0,schizofrenia
2010.0,neuroobrazowanie
2010.0,farmakoterapia
2010.0,farmakoterapia
2010.0,psychoza
2010.0,depresja
2010.0,ból
2010.0,schizofrenia
2010.0,schizofrenia
2010.0,schizofrenia
2010.0,schizofrenia
2010.0,schizofrenia
2010.0,genetyka
2010.0,neurotransmitery
2010.0,genetyka
2010.0,genetyka
2010.0,schizofrenia
2010.0,neurobiologia
2010.0,depresja
2010.0,zaburzenia snu
2010.0,zaburzenia pozorowane
2010.0,otyłość
2010.0,samoocena
2010.0,zaburzenia hormonalne
2010.0,psychiatria
2010.0,psychoterapia
2010.0,relacje rodzinne
2010.0,biegli sądowi
2010.0,neuroimmunologia
2010.0,depresja
2010.0,rozpowszechnienie
2010.0,mania
2010.0,psychometria
2010.0,samobójstwo
2010.0,sezonowość
2010.0,depresja
2010.0,psychoedukacja
2010.0,depresja
2010.0,psychologia pozytywna
2010.0,łuszczyca
2010.0,depresja
2010.0,psychiatria
2010.0,ewaluacja
2010.0,neurotransmitery
2010.0,neurotransmitery
2010.0,ptsd
2010.0,farmakoterapia
2009.0,farmakoterapia
2009.0,stygmatyzacja
2009.0,stygmatyzacja
2009.0,schizofrenia
2009.0,schizofrenia
2009.0,metapoznanie
2009.0,schizofrenia
2009.0,metapoznanie
2009.0,schizofrenia
2009.0,psychoedukacja
2009.0,schizofrenia
2009.0,schizofrenia
2009.0,schizofrenia
2009.0,transpłciowość
2009.0,transpłciowość
2009.0,stygmatyzacja
2009.0,schizofrenia
2009.0,schizofrenia
2009.0,bezsenność
2009.0,depresja
2009.0,depresja
2009.0,padaczka
2009.0,badania porównawcze
2009.0,depresja
2009.0,elektrowstrząsy
2009.0,neurobiologia
2009.0,badania kliniczne
2009.0,płeć kulturowa
2009.0,trauma
2009.0,patogeneza
2009.0,ketamina
2009.0,uzależnienia
2009.0,rozpowszechnienie
2009.0,powikłania leczenia
2009.0,historia psychiatrii
2009.0,przebieg choroby
2009.0,diagnoza
2009.0,leczenie
2009.0,psychoza
2009.0,urojenia
2009.0,neurobiologia
2009.0,samobójstwo
2009.0,rehabilitacja
2009.0,psychometria
2009.0,opiekunowie
2009.0,otyłość
2009.0,terapia
2009.0,zaburzenia emocji i zachowania
2009.0,hormony
2009.0,depresja
2009.0,hormony
2009.0,neuropsychologia
2009.0,mania
2009.0,diagnoza
2009.0,leczenie
2009.0,psychoedukacja
2009.0,przewlekłe choroby psychiczne
2009.0,samobójstwo
2009.0,neuroobrazowanie
2009.0,żywienie
2009.0,nerwica
2009.0,biologia
2009.0,biologia
2009.0,młodzież
2009.0,adhd
2009.0,farmakoterapia
2009.0,schizofrenia
2009.0,zaburzenia snu
2009.0,schizofrenia
2009.0,farmakoterapia
2009.0,farmakoterapia
2009.0,psychoanaliza
2009.0,farmakoterapia
2009.0,interpretacja
2009.0,farmakoterapia
2009.0,układ krążenia
2009.0,stres
2009.0,psychologia
2009.0,rodzina
2009.0,depresja
2009.0,lęk
2009.0,agresja
2009.0,stres
2009.0,agresja
2009.0,agresja
2009.0,samoocena
2009.0,terapia
2009.0,homoseksualność
2009.0,otyłość
2009.0,historia psychiatrii
2009.0,psychometria
2009.0,schizofrenia
2009.0,farmakoterapia
2009.0,farmakoterapia
2009.0,badania naukowe
2008.0,psychiatria
2008.0,depresja
2008.0,genetyka
2008.0,depresja
2008.0,genetyka
2008.0,farmakoterapia
2008.0,schizofrenia
2008.0,wgląd
2008.0,praca
2008.0,samouszkodzenia
2008.0,kultura
2008.0,psychologia
2008.0,młodzież
2008.0,przywiązanie
2008.0,dziecko
2008.0,samoocena
2008.0,psychometria
2008.0,samoocena
2008.0,rodzina
2008.0,osobowość
2008.0,stres
2008.0,układ oddechowy
2008.0,trauma
2008.0,układ oddechowy
2008.0,depresja
2008.0,psychologia pozytywna
2008.0,psychoonkologia
2008.0,stres
2008.0,zdrowienie
2008.0,schizofrenia
2008.0,wgląd
2008.0,schizofrenia
2008.0,samokontrola
2008.0,potrzeby
2008.0,metodologia badań
2008.0,psychometria
2008.0,samoocena
2008.0,samoocena
2008.0,schizofrenia
2008.0,schizofrenia
2008.0,samoocena
2008.0,rodzina
2008.0,schizofrenia
2008.0,leczenie
2008.0,farmakoterapia
2008.0,skuteczność leczenia
2008.0,psychopatologia
2008.0,jakość życia
2008.0,hospitalizacja
2008.0,schizofrenia
2008.0,farmakoterapia
2008.0,powikłania leczenia
2008.0,farmakoterapia
2008.0,psychoterapia
2008.0,integracja
2008.0,motywacja
2008.0,aktywność fizyczna
2008.0,depresja
2008.0,ewaluacja
2008.0,otępienie
2008.0,neurologia
2008.0,otępienie
2008.0,świadomość
2008.0,obciążenie opiekunów
2008.0,schizofrenia
2008.0,uzależnienia
2008.0,genetyka
2008.0,alkoholizm
2008.0,anoreksja
2008.0,osobowość
2008.0,neurobiologia
2008.0,osobowość
2008.0,kobiety
2008.0,depresja
2008.0,zaburzenia hormonalne
2008.0,psychologia
2008.0,schizofrenia
2008.0,diagnoza
2008.0,terapia
2008.0,schizofrenia
2008.0,płeć kulturowa
2008.0,psychoterapia
2008.0,psychologia
2008.0,schizofrenia
2008.0,opiekunowie
2008.0,schizofrenia
2008.0,schizofrenia
2008.0,metabolizm
2008.0,mężczyźni
2008.0,schizofrenia
2008.0,leczenie
2008.0,schizofrenia
2008.0,transpłciowość
2008.0,homoseksualność
2008.0,stygmatyzacja
2008.0,młodzież
2008.0,transpłciowość
2008.0,transpłciowość
2008.0,wiedza
2008.0,akceptacja
2008.0,psychometria
2008.0,walidacja
2008.0,psychometria
2008.0,psychometria
2008.0,choroby rzadkie
2008.0,przemoc domowa
2007.0,przemoc domowa
2007.0,neuropsychologia
2007.0,emocje
2007.0,trauma
2007.0,psychoedukacja
2007.0,depresja
2007.0,farmakoterapia
2007.0,człowiek
2007.0,depresja
2007.0,biomarkery
2007.0,depresja
2007.0,badania przesiewowe
2007.0,alkohol
2007.0,starzenie się
2007.0,schizofrenia
2007.0,alkoholizm
2007.0,współchorobowość
2007.0,socjopatia
2007.0,schizofrenia
2007.0,schizofrenia
2007.0,uzależnienia
2007.0,schizofrenia
2007.0,genetyka
2007.0,genetyka
2007.0,neurotransmitery
2007.0,genetyka
2007.0,genetyka
2007.0,farmakoterapia
2007.0,schizofrenia
2007.0,neurobiologia
2007.0,schizofrenia
2007.0,schizofrenia
2007.0,schizofrenia
2007.0,schizofrenia
2007.0,leczenie
2007.0,przestępczość
2007.0,trauma
2007.0,parazytoza
2007.0,historia psychiatrii
2007.0,schizofrenia
2007.0,diagnostyka
2007.0,schizofrenia
2007.0,diagnostyka
2007.0,schizofrenia
2007.0,farmakoterapia
2007.0,elektrowstrząsy
2007.0,anoreksja
2007.0,anoreksja
2007.0,bulimia
2007.0,emocje
2007.0,dziecko
2007.0,osobowość
2007.0,hormony
2007.0,biomarkery
2007.0,metodologia badań
2007.0,edukacja
2007.0,rodzice
2007.0,depresja
2007.0,depresja
2007.0,depresja
2007.0,farmakoterapia
2007.0,biologia
2007.0,procesy poznawcze
2007.0,schizofrenia
2007.0,schizofrenia
2007.0,identyfikacja
2007.0,leczenie
2007.0,schizofrenia
2007.0,uzależnienia
2007.0,diagnostyka
2007.0,diagnoza
2007.0,psychometria
2007.0,schizofrenia
2007.0,młodzież
2007.0,depresja
2007.0,diagnostyka
2007.0,czas trwania choroby
2007.0,lit
2007.0,hormony
2007.0,historia psychiatrii
2007.0,schizofrenia
2007.0,farmakoterapia
2007.0,ketamina
